1,0,144.39000,144.39000,0.60000,OFF,NFM,APRS,OFF,100.0 Hz,023,RX Normal TX Normal,1600 Hz,HIGH,SKIP,5.0KHz,0,0,OFF,OFF,OFF,0,0,0,0,0,0,0,0,0,0,0,0,0,0,0,0,0,0,0,0,0,0,0,0,0,0,,1,
2,0,445.92500,440.92500,5.00000,-RPT,NFM,APRS UHF,OFF,100.0 Hz,023,RX Normal TX Normal,1600 Hz,HIGH,OFF,25.0KHz,0,0,OFF,OFF,OFF,0,0,0,0,0,0,0,0,0,0,0,0,0,0,0,0,0,0,0,0,0,0,0,0,0,0,,1,
3,0,223.50000,223.50000,0.00000,OFF,NFM,1.25m FM Call,OFF,100.0 Hz,023,RX Normal TX Normal,1600 Hz,HIGH,OFF,20.0KHz,0,0,OFF,OFF,OFF,0,0,1,0,0,0,0,1,1,0,0,0,0,0,0,0,0,0,0,0,0,0,0,0,0,0,,1,
4,0,222.10000,222.10000,0.00000,OFF,NFM,1.25m SSB Call,OFF,100.0 Hz,023,RX Normal TX Normal,1600 Hz,HIGH,OFF,20.0KHz,0,0,OFF,OFF,OFF,0,0,1,0,0,0,0,1,1,0,0,0,0,0,0,0,0,0,0,0,0,0,0,0,0,0,,1,
5,0,29.60000,29.60000,0.00000,OFF,AM,10m FM Call,OFF,100.0 Hz,023,RX Normal TX Normal,1600 Hz,HIGH,OFF,5.0KHz,0,0,OFF,OFF,OFF,0,0,1,0,0,0,0,1,1,0,0,0,0,0,0,0,0,0,0,0,0,0,0,0,0,0,,1,
6,0,146.40000,146.40000,0.00000,OFF,NFM,2m FM 146-1,OFF,100.0 Hz,023,RX Normal TX Normal,1600 Hz,HIGH,OFF,5.0KHz,0,0,OFF,OFF,OFF,0,0,1,0,0,0,0,1,1,0,0,0,0,0,0,0,0,0,0,0,0,0,0,0,0,0,,1,
7,0,146.55000,146.55000,0.00000,OFF,NFM,2m FM 146-10,OFF,100.0 Hz,023,RX Normal TX Normal,1600 Hz,HIGH,OFF,5.0KHz,0,0,OFF,OFF,OFF,0,0,1,0,0,0,0,1,1,0,0,0,0,0,0,0,0,0,0,0,0,0,0,0,0,0,,1,
8,0,146.56500,146.56500,0.00000,OFF,NFM,2m FM 146-11,OFF,100.0 Hz,023,RX Normal TX Normal,1600 Hz,HIGH,OFF,5.0KHz,0,0,OFF,OFF,OFF,0,0,1,0,0,0,0,1,1,0,0,0,0,0,0,0,0,0,0,0,0,0,0,0,0,0,,1,
9,0,146.58000,146.58000,0.00000,OFF,NFM,2m FM 146-12 DEF,OFF,100.0 Hz,023,RX Normal TX Normal,1600 Hz,HIGH,OFF,5.0KHz,0,0,OFF,OFF,OFF,0,0,1,0,0,0,0,1,1,0,0,0,0,0,0,0,0,0,0,0,0,0,0,0,0,0,,1,
10,0,146.59500,146.59500,0.00000,OFF,NFM,2m FM 146-13,OFF,100.0 Hz,023,RX Normal TX Normal,1600 Hz,HIGH,OFF,5.0KHz,0,0,OFF,OFF,OFF,0,0,1,0,0,0,0,1,1,0,0,0,0,0,0,0,0,0,0,0,0,0,0,0,0,0,,1,
11,0,146.41500,146.41500,0.00000,OFF,NFM,2m FM 146-2,OFF,100.0 Hz,023,RX Normal TX Normal,1600 Hz,HIGH,OFF,5.0KHz,0,0,OFF,OFF,OFF,0,0,1,0,0,0,0,1,1,0,0,0,0,0,0,0,0,0,0,0,0,0,0,0,0,0,,1,
12,0,146.43000,146.43000,0.00000,OFF,NFM,2m FM 146-3,OFF,100.0 Hz,023,RX Normal TX Normal,1600 Hz,HIGH,OFF,5.0KHz,0,0,OFF,OFF,OFF,0,0,1,0,0,0,0,1,1,0,0,0,0,0,0,0,0,0,0,0,0,0,0,0,0,0,,1,
13,0,146.44500,146.44500,0.00000,OFF,NFM,2m FM 146-4,OFF,100.0 Hz,023,RX Normal TX Normal,1600 Hz,HIGH,OFF,5.0KHz,0,0,OFF,OFF,OFF,0,0,1,0,0,0,0,1,1,0,0,0,0,0,0,0,0,0,0,0,0,0,0,0,0,0,,1,
14,0,146.46000,146.46000,0.00000,OFF,NFM,2m FM 146-5,OFF,100.0 Hz,023,RX Normal TX Normal,1600 Hz,HIGH,OFF,5.0KHz,0,0,OFF,OFF,OFF,0,0,1,0,0,0,0,1,1,0,0,0,0,0,0,0,0,0,0,0,0,0,0,0,0,0,,1,
15,0,146.47500,146.47500,0.00000,OFF,NFM,2m FM 146-6,OFF,100.0 Hz,023,RX Normal TX Normal,1600 Hz,HIGH,OFF,5.0KHz,0,0,OFF,OFF,OFF,0,0,1,0,0,0,0,1,1,0,0,0,0,0,0,0,0,0,0,0,0,0,0,0,0,0,,1,
16,0,146.49000,146.49000,0.00000,OFF,NFM,2m FM 146-7,OFF,100.0 Hz,023,RX Normal TX Normal,1600 Hz,HIGH,OFF,5.0KHz,0,0,OFF,OFF,OFF,0,0,1,0,0,0,0,1,1,0,0,0,0,0,0,0,0,0,0,0,0,0,0,0,0,0,,1,
17,0,146.50500,146.50500,0.00000,OFF,NFM,2m FM 146-8,OFF,100.0 Hz,023,RX Normal TX Normal,1600 Hz,HIGH,OFF,5.0KHz,0,0,OFF,OFF,OFF,0,0,1,0,0,0,0,1,1,0,0,0,0,0,0,0,0,0,0,0,0,0,0,0,0,0,,1,
18,0,146.53500,146.53500,0.00000,OFF,NFM,2m FM 146-9,OFF,100.0 Hz,023,RX Normal TX Normal,1600 Hz,HIGH,OFF,5.0KHz,0,0,OFF,OFF,OFF,0,0,1,0,0,0,0,1,1,0,0,0,0,0,0,0,0,0,0,0,0,0,0,0,0,0,,1,
19,0,147.40500,147.40500,0.00000,OFF,NFM,2m FM 147-14/1,OFF,100.0 Hz,023,RX Normal TX Normal,1600 Hz,HIGH,OFF,5.0KHz,0,0,OFF,OFF,OFF,0,0,1,0,0,0,0,1,1,0,0,0,0,0,0,0,0,0,0,0,0,0,0,0,0,0,,1,
20,0,147.42000,147.42000,0.00000,OFF,NFM,2m FM 147-15/2,OFF,100.0 Hz,023,RX Normal TX Normal,1600 Hz,HIGH,OFF,5.0KHz,0,0,OFF,OFF,OFF,0,0,1,0,0,0,0,1,1,0,0,0,0,0,0,0,0,0,0,0,0,0,0,0,0,0,,1,
21,0,147.43500,147.43500,0.00000,OFF,NFM,2m FM 147-16/3,OFF,100.0 Hz,023,RX Normal TX Normal,1600 Hz,HIGH,OFF,5.0KHz,0,0,OFF,OFF,OFF,0,0,1,0,0,0,0,1,1,0,0,0,0,0,0,0,0,0,0,0,0,0,0,0,0,0,,1,
22,0,147.45000,147.45000,0.00000,OFF,NFM,2m FM 147-17/4,OFF,100.0 Hz,023,RX Normal TX Normal,1600 Hz,HIGH,OFF,5.0KHz,0,0,OFF,OFF,OFF,0,0,1,0,0,0,0,1,1,0,0,0,0,0,0,0,0,0,0,0,0,0,0,0,0,0,,1,
23,0,147.46500,147.46500,0.00000,OFF,NFM,2m FM 147-18/5,OFF,100.0 Hz,023,RX Normal TX Normal,1600 Hz,HIGH,OFF,5.0KHz,0,0,OFF,OFF,OFF,0,0,1,0,0,0,0,1,1,0,0,0,0,0,0,0,0,0,0,0,0,0,0,0,0,0,,1,
24,0,147.48000,147.48000,0.00000,OFF,NFM,2m FM 147-19/6,OFF,100.0 Hz,023,RX Normal TX Normal,1600 Hz,HIGH,OFF,5.0KHz,0,0,OFF,OFF,OFF,0,0,1,0,0,0,0,1,1,0,0,0,0,0,0,0,0,0,0,0,0,0,0,0,0,0,,1,
25,0,147.49500,147.49500,0.00000,OFF,NFM,2m FM 147-20/7,OFF,100.0 Hz,023,RX Normal TX Normal,1600 Hz,HIGH,OFF,5.0KHz,0,0,OFF,OFF,OFF,0,0,1,0,0,0,0,1,1,0,0,0,0,0,0,0,0,0,0,0,0,0,0,0,0,0,,1,
26,0,147.51000,147.51000,0.00000,OFF,NFM,2m FM 147-21/8,OFF,100.0 Hz,023,RX Normal TX Normal,1600 Hz,HIGH,OFF,5.0KHz,0,0,OFF,OFF,OFF,0,0,1,0,0,0,0,1,1,0,0,0,0,0,0,0,0,0,0,0,0,0,0,0,0,0,,1,
27,0,147.52500,147.52500,0.00000,OFF,NFM,2m FM 147-22/9,OFF,100.0 Hz,023,RX Normal TX Normal,1600 Hz,HIGH,OFF,5.0KHz,0,0,OFF,OFF,OFF,0,0,1,0,0,0,0,1,1,0,0,0,0,0,0,0,0,0,0,0,0,0,0,0,0,0,,1,
28,0,147.54000,147.54000,0.00000,OFF,NFM,2m FM 147-23/10,OFF,100.0 Hz,023,RX Normal TX Normal,1600 Hz,HIGH,OFF,5.0KHz,0,0,OFF,OFF,OFF,0,0,1,0,0,0,0,1,1,0,0,0,0,0,0,0,0,0,0,0,0,0,0,0,0,0,,1,
29,0,147.55500,147.55500,0.00000,OFF,NFM,2m FM 147-24/11,OFF,100.0 Hz,023,RX Normal TX Normal,1600 Hz,HIGH,OFF,5.0KHz,0,0,OFF,OFF,OFF,0,0,1,0,0,0,0,1,1,0,0,0,0,0,0,0,0,0,0,0,0,0,0,0,0,0,,1,
30,0,147.57000,147.57000,0.00000,OFF,NFM,2m FM 147-25/12,OFF,100.0 Hz,023,RX Normal TX Normal,1600 Hz,HIGH,OFF,5.0KHz,0,0,OFF,OFF,OFF,0,0,1,0,0,0,0,1,1,0,0,0,0,0,0,0,0,0,0,0,0,0,0,0,0,0,,1,
31,0,147.58500,147.58500,0.00000,OFF,NFM,2m FM 147-26/13,OFF,100.0 Hz,023,RX Normal TX Normal,1600 Hz,HIGH,OFF,5.0KHz,0,0,OFF,OFF,OFF,0,0,1,0,0,0,0,1,1,0,0,0,0,0,0,0,0,0,0,0,0,0,0,0,0,0,,1,
32,0,146.52000,146.52000,0.00000,OFF,NFM,2m FM Call,OFF,100.0 Hz,023,RX Normal TX Normal,1600 Hz,HIGH,OFF,5.0KHz,0,0,OFF,OFF,OFF,0,0,1,0,0,0,0,1,1,0,0,0,0,0,0,0,0,0,0,0,0,0,0,0,0,0,,1,
33,0,144.20000,144.20000,0.00000,OFF,NFM,2m SSB Call,OFF,100.0 Hz,023,RX Normal TX Normal,1600 Hz,HIGH,OFF,5.0KHz,0,0,OFF,OFF,OFF,0,0,1,0,0,0,0,1,1,0,0,0,0,0,0,0,0,0,0,0,0,0,0,0,0,0,,1,
34,0,52.52500,52.52500,0.00000,OFF,NFM,6m FM Call 1,OFF,100.0 Hz,023,RX Normal TX Normal,1600 Hz,HIGH,OFF,5.0KHz,0,0,OFF,OFF,OFF,0,0,1,0,0,0,0,1,1,0,0,0,0,0,0,0,0,0,0,0,0,0,0,0,0,0,,1,
35,0,52.54000,52.54000,0.00000,OFF,NFM,6m FM Call 2,OFF,100.0 Hz,023,RX Normal TX Normal,1600 Hz,HIGH,OFF,5.0KHz,0,0,OFF,OFF,OFF,0,0,1,0,0,0,0,1,1,0,0,0,0,0,0,0,0,0,0,0,0,0,0,0,0,0,,1,
36,0,50.12500,50.12500,0.00000,OFF,AM,6m SSB Call,OFF,100.0 Hz,023,RX Normal TX Normal,1600 Hz,HIGH,OFF,5.0KHz,0,0,OFF,OFF,OFF,0,0,1,0,0,0,0,1,1,0,0,0,0,0,0,0,0,0,0,0,0,0,0,0,0,0,,1,
37,1,446.00000,446.00000,0.00000,OFF,NFM,70cm FM Call,OFF,100.0 Hz,023,RX Normal TX Normal,1600 Hz,HIGH,OFF,25.0KHz,0,0,OFF,OFF,OFF,0,0,1,0,0,0,0,1,1,0,0,0,0,0,0,0,0,0,0,0,0,0,0,0,0,0,,1,
38,0,432.10000,432.10000,0.00000,OFF,NFM,70cm SSB Call,OFF,100.0 Hz,023,RX Normal TX Normal,1600 Hz,HIGH,OFF,25.0KHz,0,0,OFF,OFF,OFF,0,0,1,0,0,0,0,1,1,0,0,0,0,0,0,0,0,0,0,0,0,0,0,0,0,0,,1,
39,0,489.0875,489.0875,0,OFF,NFM,Atherton Police,OFF,100.0 Hz,023,RX Normal TX Normal,1600 Hz,HIGH,OFF,12.5KHz,0,0,OFF,OFF,OFF,0,0,0,1,0,0,0,0,0,0,0,0,0,0,0,0,0,0,0,0,0,0,0,0,0,0,,1,
40,0,443.225,443.225,0,OFF,NFM,Bay Red Cross 1,OFF,100.0 Hz,023,RX Normal TX Normal,1600 Hz,HIGH,OFF,25.0KHz,0,0,OFF,OFF,OFF,0,0,0,0,0,0,1,0,0,0,0,0,0,0,0,0,0,0,0,0,0,0,0,0,0,0,,1,
41,0,443.975,443.975,0,OFF,NFM,Bay Red Cross 2,OFF,100.0 Hz,023,RX Normal TX Normal,1600 Hz,HIGH,OFF,25.0KHz,0,0,OFF,OFF,OFF,0,0,0,0,0,0,1,0,0,0,0,0,0,0,0,0,0,0,0,0,0,0,0,0,0,0,,1,
42,0,145.39,145.39,0,OFF,NFM,Bay Red Cross 4,OFF,100.0 Hz,023,RX Normal TX Normal,1600 Hz,HIGH,OFF,5.0KHz,0,0,OFF,OFF,OFF,0,0,0,0,0,0,1,0,0,0,0,0,0,0,0,0,0,0,0,0,0,0,0,0,0,0,,1,
43,0,444.075,444.075,0,OFF,NFM,Bay Red Cross 5,OFF,100.0 Hz,023,RX Normal TX Normal,1600 Hz,HIGH,OFF,25.0KHz,0,0,OFF,OFF,OFF,0,0,0,0,0,0,1,0,0,0,0,0,0,0,0,0,0,0,0,0,0,0,0,0,0,0,,1,
44,0,488.4875,488.4875,0,OFF,NFM,Belmont Police,OFF,100.0 Hz,023,RX Normal TX Normal,1600 Hz,HIGH,OFF,12.5KHz,0,0,OFF,OFF,OFF,0,0,0,1,0,0,0,0,0,0,0,0,0,0,0,0,0,0,0,0,0,0,0,0,0,0,,1,
45,0,488.3875,488.3875,0,OFF,NFM,Brisbane PD,OFF,100.0 Hz,023,RX Normal TX Normal,1600 Hz,HIGH,OFF,12.5KHz,0,0,OFF,OFF,OFF,0,0,0,1,0,0,0,0,0,0,0,0,0,0,0,0,0,0,0,0,0,0,0,0,0,0,,1,
46,0,482.5625,482.5625,0,OFF,NFM,Broadmoor PD,OFF,100.0 Hz,023,RX Normal TX Normal,1600 Hz,HIGH,OFF,12.5KHz,0,0,OFF,OFF,OFF,0,0,0,1,0,0,0,0,0,0,0,0,0,0,0,0,0,0,0,0,0,0,0,0,0,0,,1,
47,0,489.0875,489.0875,0,OFF,NFM,Burlingame PD,OFF,100.0 Hz,023,RX Normal TX Normal,1600 Hz,HIGH,OFF,12.5KHz,0,0,OFF,OFF,OFF,0,0,0,1,0,0,0,0,0,0,0,0,0,0,0,0,0,0,0,0,0,0,0,0,0,0,,1,
48,0,489.5625,489.5625,0,OFF,NFM,Burlingame PD 2,OFF,100.0 Hz,023,RX Normal TX Normal,1600 Hz,HIGH,OFF,12.5KHz,0,0,OFF,OFF,OFF,0,0,0,1,0,0,0,0,0,0,0,0,0,0,0,0,0,0,0,0,0,0,0,0,0,0,,1,
49,0,161.515,161.515,0,OFF,NFM,Caltrain General,OFF,100.0 Hz,023,RX Normal TX Normal,1600 Hz,HIGH,OFF,5.0KHz,0,0,OFF,OFF,OFF,0,0,0,0,0,1,0,0,0,0,0,0,0,0,0,0,0,0,0,0,0,0,0,0,0,0,,1,
50,0,161.55,161.55,0,OFF,NFM,Caltrain Ops/Swi,OFF,100.0 Hz,023,RX Normal TX Normal,1600 Hz,HIGH,OFF,25.0KHz,0,0,OFF,OFF,OFF,0,0,0,0,0,1,0,0,0,0,0,0,0,0,0,0,0,0,0,0,0,0,0,0,0,0,,1,
51,0,42.34,42.34,0,OFF,AM,CHP GG Base Blue,OFF,100.0 Hz,023,RX Normal TX Normal,1600 Hz,HIGH,OFF,5.0KHz,0,0,OFF,OFF,OFF,0,0,0,0,0,0,0,0,0,0,0,0,0,0,0,0,0,0,0,0,0,0,0,0,0,0,,1,
52,0,42.18,42.18,0,OFF,AM,CHP GG Mob Blue,OFF,100.0 Hz,023,RX Normal TX Normal,1600 Hz,HIGH,OFF,5.0KHz,0,0,OFF,OFF,OFF,0,0,0,0,0,0,0,0,0,0,0,0,0,0,0,0,0,0,0,0,0,0,0,0,0,0,,1,
53,0,460.45,460.45,0,OFF,NFM,CHP GG UHF 1,OFF,100.0 Hz,023,RX Normal TX Normal,1600 Hz,HIGH,OFF,12.5KHz,0,0,OFF,OFF,OFF,0,0,0,0,0,0,0,0,0,0,0,0,0,0,0,0,0,0,0,0,0,0,0,0,0,0,,1,
54,0,453.825,453.825,0,OFF,NFM,CHP GG UHF 3,OFF,100.0 Hz,023,RX Normal TX Normal,1600 Hz,HIGH,OFF,12.5KHz,0,0,OFF,OFF,OFF,0,0,0,0,0,0,0,0,0,0,0,0,0,0,0,0,0,0,0,0,0,0,0,0,0,0,,1,
55,0,453.85,453.85,0,OFF,NFM,CHP GG UHF 4,OFF,100.0 Hz,023,RX Normal TX Normal,1600 Hz,HIGH,OFF,12.5KHz,0,0,OFF,OFF,OFF,0,0,0,0,0,0,0,0,0,0,0,0,0,0,0,0,0,0,0,0,0,0,0,0,0,0,,1,
56,0,42.08,42.08,0,OFF,AM,CHP RC Base Amb,OFF,100.0 Hz,023,RX Normal TX Normal,1600 Hz,HIGH,OFF,5.0KHz,0,0,OFF,OFF,OFF,0,0,0,0,0,0,0,0,0,0,0,0,0,0,0,0,0,0,0,0,0,0,0,0,0,0,,1,
57,0,42.82,42.82,0,OFF,AM,CHP RC Mob Amb,OFF,100.0 Hz,023,RX Normal TX Normal,1600 Hz,HIGH,OFF,5.0KHz,0,0,OFF,OFF,OFF,0,0,0,0,0,0,0,0,0,0,0,0,0,0,0,0,0,0,0,0,0,0,0,0,0,0,,1,
58,0,490.9125,490.9125,0,OFF,NFM,Colma PD,OFF,100.0 Hz,023,RX Normal TX Normal,1600 Hz,HIGH,OFF,12.5KHz,0,0,OFF,OFF,OFF,0,0,0,1,0,0,0,0,0,0,0,0,0,0,0,0,0,0,0,0,0,0,0,0,0,0,,1,
59,0,488.9375,488.9375,0,OFF,NFM,Daly City PD,OFF,100.0 Hz,023,RX Normal TX Normal,1600 Hz,HIGH,OFF,12.5KHz,0,0,OFF,OFF,OFF,0,0,0,1,0,0,0,0,0,0,0,0,0,0,0,0,0,0,0,0,0,0,0,0,0,0,,1,
60,0,489.6125,489.6125,0,OFF,NFM,Daly City PD 2,OFF,100.0 Hz,023,RX Normal TX Normal,1600 Hz,HIGH,OFF,12.5KHz,0,0,OFF,OFF,OFF,0,0,0,1,0,0,0,0,0,0,0,0,0,0,0,0,0,0,0,0,0,0,0,0,0,0,,1,
61,0,488.3875,488.3875,0,OFF,NFM,East PA Police,OFF,100.0 Hz,023,RX Normal TX Normal,1600 Hz,HIGH,OFF,12.5KHz,0,0,OFF,OFF,OFF,0,0,0,1,0,0,0,0,0,0,0,0,0,0,0,0,0,0,0,0,0,0,0,0,0,0,,1,
62,0,39.98,39.98,0,OFF,AM,FC Command,OFF,100.0 Hz,023,RX Normal TX Normal,1600 Hz,HIGH,OFF,5.0KHz,0,0,OFF,OFF,OFF,0,0,0,1,0,0,0,0,0,0,0,0,0,0,0,0,0,0,0,0,0,0,0,0,0,0,,1,
63,0,488.6125,488.6125,0,OFF,NFM,FC Police 1,OFF,100.0 Hz,023,RX Normal TX Normal,1600 Hz,HIGH,OFF,12.5KHz,0,0,OFF,OFF,OFF,0,0,0,1,0,0,0,0,0,0,0,0,0,0,0,0,0,0,0,0,0,0,0,0,0,0,,1,
64,0,488.9375,488.9375,0,OFF,NFM,FC Police 2,OFF,100.0 Hz,023,RX Normal TX Normal,1600 Hz,HIGH,OFF,12.5KHz,0,0,OFF,OFF,OFF,0,0,0,1,0,0,0,0,0,0,0,0,0,0,0,0,0,0,0,0,0,0,0,0,0,0,,1,
65,0,45.48,45.48,0,OFF,AM,FC Public Works,OFF,100.0 Hz,023,RX Normal TX Normal,1600 Hz,HIGH,OFF,5.0KHz,0,0,OFF,OFF,OFF,0,0,0,1,0,0,0,0,0,0,0,0,0,0,0,0,0,0,0,0,0,0,0,0,0,0,,1,
66,0,135.1,135.1,0,OFF,AM,HAF A/D 1,OFF,100.0 Hz,023,RX Normal TX Normal,1600 Hz,HIGH,OFF,25.0KHz,0,0,OFF,OFF,OFF,0,0,0,0,0,0,0,0,0,0,0,0,0,0,0,0,0,0,0,0,0,0,0,0,0,0,,1,
67,0,307.2,307.2,0,OFF,AM,HAF A/D 2,OFF,100.0 Hz,023,RX Normal TX Normal,1600 Hz,HIGH,OFF,100.0KHz,0,0,OFF,OFF,OFF,0,0,0,0,1,0,0,0,0,0,0,0,0,0,0,0,0,0,0,0,0,0,0,0,0,0,,1,
68,0,127.275,127.275,0,OFF,AM,HAF ATIS,OFF,100.0 Hz,023,RX Normal TX Normal,1600 Hz,HIGH,OFF,25.0KHz,0,0,OFF,OFF,OFF,0,0,0,0,1,0,0,0,0,0,0,0,0,0,0,0,0,0,0,0,0,0,0,0,0,0,,1,
69,0,122.8,122.8,0,OFF,AM,HAF Traffic Adv,OFF,100.0 Hz,023,RX Normal TX Normal,1600 Hz,HIGH,OFF,25.0KHz,0,0,OFF,OFF,OFF,0,0,0,0,1,0,0,0,0,0,0,0,0,0,0,0,0,0,0,0,0,0,0,0,0,0,,1,
70,0,488.3375,488.3375,0,OFF,NFM,Hillsborough PD,OFF,100.0 Hz,023,RX Normal TX Normal,1600 Hz,HIGH,OFF,12.5KHz,0,0,OFF,OFF,OFF,0,0,0,1,0,0,0,0,0,0,0,0,0,0,0,0,0,0,0,0,0,0,0,0,0,0,,1,
71,0,484.8625,484.8625,0,OFF,NFM,Hillsborough PD2,OFF,100.0 Hz,023,RX Normal TX Normal,1600 Hz,HIGH,OFF,12.5KHz,0,0,OFF,OFF,OFF,0,0,0,1,0,0,0,0,0,0,0,0,0,0,0,0,0,0,0,0,0,0,0,0,0,0,,1,
72,0,449.275,444.27500,5,-RPT,NFM,K5JCA Utah,TONE,110.9 Hz,023,RX Normal TX Normal,1600 Hz,HIGH,OFF,25.0KHz,0,0,OFF,OFF,OFF,0,0,0,0,0,0,0,0,1,0,0,0,0,0,0,0,0,0,0,0,0,0,0,0,0,0,,1,
73,0,444.5,449.50000,5,+RPT,NFM,K6MPN ARES,TONE,100.0 Hz,023,RX Normal TX Normal,1600 Hz,HIGH,OFF,25.0KHz,0,0,OFF,OFF,OFF,0,0,1,0,0,0,0,0,0,0,0,0,0,0,0,0,0,0,0,0,0,0,0,0,0,0,,1,
74,0,146.94,146.34000,0.6,-RPT,NFM,K7UGE Vegas,TONE,100.0 Hz,023,RX Normal TX Normal,1600 Hz,HIGH,OFF,5.0KHz,0,0,OFF,OFF,OFF,0,0,0,0,0,0,0,1,0,0,0,0,0,0,0,0,0,0,0,0,0,0,0,0,0,0,,1,
75,0,448.5,443.50000,5,-RPT,NFM,K7WS Utah,OFF,100.0 Hz,023,RX Normal TX Normal,1600 Hz,HIGH,OFF,25.0KHz,0,0,OFF,OFF,OFF,0,0,0,0,0,0,0,0,1,0,0,0,0,0,0,0,0,0,0,0,0,0,0,0,0,0,,1,
76,0,51.78,51.28000,0.5,-RPT,NFM,KB7IP RACES,TONE,114.8 Hz,023,RX Normal TX Normal,1600 Hz,HIGH,OFF,5.0KHz,0,0,OFF,OFF,OFF,0,0,1,0,0,0,0,0,0,0,0,0,0,0,0,0,0,0,0,0,0,0,0,0,0,0,,1,
77,0,146.865,146.26500,0.6,-RPT,NFM,KC6ULT RACES,TONE,114.8 Hz,023,RX Normal TX Normal,1600 Hz,HIGH,OFF,5.0KHz,0,0,OFF,OFF,OFF,0,0,1,0,0,0,0,0,0,0,0,0,0,0,0,0,0,0,0,0,0,0,0,0,0,0,,1,
78,0,448.3,443.30000,5,-RPT,NFM,KE7KD Vegas,TONE,118.8 Hz,023,RX Normal TX Normal,1600 Hz,HIGH,OFF,25.0KHz,0,0,OFF,OFF,OFF,0,0,0,0,0,0,0,1,0,0,0,0,0,0,0,0,0,0,0,0,0,0,0,0,0,0,,1,
79,0,440.075,445.07500,5,+RPT,NFM,KR6WP,TONE,114.8 Hz,023,RX Normal TX Normal,1600 Hz,HIGH,OFF,25.0KHz,0,0,OFF,OFF,OFF,0,0,1,0,0,0,0,0,0,0,0,0,0,0,0,0,0,0,0,0,0,0,0,0,0,0,,1,
80,0,482.9125,482.9125,0,OFF,NFM,LG PD 1,OFF,100.0 Hz,023,RX Normal TX Normal,1600 Hz,HIGH,OFF,12.5KHz,0,0,OFF,OFF,OFF,0,0,0,1,0,0,0,0,0,0,0,0,0,0,0,0,0,0,0,0,0,0,0,0,0,0,,1,
81,0,484.6875,484.6875,0,OFF,NFM,LG PD 2,OFF,100.0 Hz,023,RX Normal TX Normal,1600 Hz,HIGH,OFF,12.5KHz,0,0,OFF,OFF,OFF,0,0,0,1,0,0,0,0,0,0,0,0,0,0,0,0,0,0,0,0,0,0,0,0,0,0,,1,
82,0,155.235,155.235,0,OFF,NFM,LG PD SAR,OFF,100.0 Hz,023,RX Normal TX Normal,1600 Hz,HIGH,OFF,5.0KHz,0,0,OFF,OFF,OFF,0,0,0,1,0,0,0,0,0,0,0,0,0,0,0,0,0,0,0,0,0,0,0,0,0,0,,1,
83,0,484.8625,484.8625,0,OFF,NFM,LG PD Simul,OFF,100.0 Hz,023,RX Normal TX Normal,1600 Hz,HIGH,OFF,12.5KHz,0,0,OFF,OFF,OFF,0,0,0,1,0,0,0,0,0,0,0,0,0,0,0,0,0,0,0,0,0,0,0,0,0,0,,1,
84,0,155.145,155.145,0,OFF,NFM,LG PW,OFF,100.0 Hz,023,RX Normal TX Normal,1600 Hz,HIGH,OFF,5.0KHz,0,0,OFF,OFF,OFF,0,0,0,1,0,0,0,0,0,0,0,0,0,0,0,0,0,0,0,0,0,0,0,0,0,0,,1,
85,0,488.3375,488.3375,0,OFF,NFM,Menlo Park PD,OFF,100.0 Hz,023,RX Normal TX Normal,1600 Hz,HIGH,OFF,12.5KHz,0,0,OFF,OFF,OFF,0,0,0,1,0,0,0,0,0,0,0,0,0,0,0,0,0,0,0,0,0,0,0,0,0,0,,1,
86,0,154.025,154.025,0,OFF,NFM,MV Fire,OFF,100.0 Hz,023,RX Normal TX Normal,1600 Hz,HIGH,OFF,12.5KHz,0,0,OFF,OFF,OFF,0,0,0,1,0,0,0,0,0,0,0,0,0,0,0,0,0,0,0,0,0,0,0,0,0,0,,1,
87,0,154.83,154.83,0,OFF,NFM,MV Fire Command,OFF,100.0 Hz,023,RX Normal TX Normal,1600 Hz,HIGH,OFF,10.0KHz,0,0,OFF,OFF,OFF,0,0,0,1,0,0,0,0,0,0,0,0,0,0,0,0,0,0,0,0,0,0,0,0,0,0,,1,
88,0,158.865,158.865,0,OFF,NFM,MV Fire Tactical,OFF,100.0 Hz,023,RX Normal TX Normal,1600 Hz,HIGH,OFF,5.0KHz,0,0,OFF,OFF,OFF,0,0,0,1,0,0,0,0,0,0,0,0,0,0,0,0,0,0,0,0,0,0,0,0,0,0,,1,
89,0,482.5125,482.5125,0,OFF,NFM,MV Police 1,OFF,100.0 Hz,023,RX Normal TX Normal,1600 Hz,HIGH,OFF,12.5KHz,0,0,OFF,OFF,OFF,0,0,0,1,0,0,0,0,0,0,0,0,0,0,0,0,0,0,0,0,0,0,0,0,0,0,,1,
90,0,482.7875,482.7875,0,OFF,NFM,MV Police 2,OFF,100.0 Hz,023,RX Normal TX Normal,1600 Hz,HIGH,OFF,12.5KHz,0,0,OFF,OFF,OFF,0,0,0,1,0,0,0,0,0,0,0,0,0,0,0,0,0,0,0,0,0,0,0,0,0,0,,1,
91,0,483.2125,483.2125,0,OFF,NFM,MV Police 3/Shor,OFF,100.0 Hz,023,RX Normal TX Normal,1600 Hz,HIGH,OFF,12.5KHz,0,0,OFF,OFF,OFF,0,0,0,1,0,0,0,0,0,0,0,0,0,0,0,0,0,0,0,0,0,0,0,0,0,0,,1,
92,0,453.05,453.05,0,OFF,NFM,MV Public Works,OFF,100.0 Hz,023,RX Normal TX Normal,1600 Hz,HIGH,OFF,12.5KHz,0,0,OFF,OFF,OFF,0,0,0,1,0,0,0,0,0,0,0,0,0,0,0,0,0,0,0,0,0,0,0,0,0,0,,1,
93,0,145.23,144.63000,0.6,-RPT,NFM,N6NFI A/R PaloAl,TONE,100.0 Hz,023,RX Normal TX Normal,1600 Hz,HIGH,OFF,5.0KHz,0,0,OFF,OFF,OFF,0,0,1,0,0,0,0,0,0,0,0,0,0,0,0,0,0,0,0,0,0,0,0,0,0,0,,1,
94,0,440.45,445.45000,5,+RPT,NFM,N6ZX ARES UHF,TONE,107.2 Hz,023,RX Normal TX Normal,1600 Hz,HIGH,OFF,25.0KHz,0,0,OFF,OFF,OFF,0,0,1,0,0,0,0,0,0,0,0,0,0,0,0,0,0,0,0,0,0,0,0,0,0,0,,1,
95,0,145.37,144.77000,0.6,-RPT,NFM,N6ZX ARES VHF,TONE,107.2 Hz,023,RX Normal TX Normal,1600 Hz,HIGH,OFF,5.0KHz,0,0,OFF,OFF,OFF,0,0,1,0,0,0,0,0,0,0,0,0,0,0,0,0,0,0,0,0,0,0,0,0,0,0,,1,
96,0,447,442.00000,5,-RPT,NFM,N7ARR Vegas,TONE,123.0 Hz,023,RX Normal TX Normal,1600 Hz,HIGH,OFF,25.0KHz,0,0,OFF,OFF,OFF,0,0,0,0,0,0,0,1,0,0,0,0,0,0,0,0,0,0,0,0,0,0,0,0,0,0,,1,
97,0,449.1,444.10000,5,-RPT,NFM,N7YSE AZ,TONE,100.0 Hz,023,RX Normal TX Normal,1600 Hz,HIGH,OFF,25.0KHz,0,0,OFF,OFF,OFF,0,0,0,0,0,0,0,0,1,0,0,0,0,0,0,0,0,0,0,0,0,0,0,0,0,0,,1,
98,0,147.3,147.90000,0.6,+RPT,NFM,N7YSE AZ NGC,OFF,100.0 Hz,023,RX Normal TX Normal,1600 Hz,HIGH,OFF,5.0KHz,0,0,OFF,OFF,OFF,0,0,0,0,0,0,0,0,1,0,0,0,0,0,0,0,0,0,0,0,0,0,0,0,0,0,,1,
99,0,145.25,144.65000,0.6,-RPT,NFM,NA6MF RACES,TONE,123.0 Hz,023,RX Normal TX Normal,1600 Hz,HIGH,OFF,5.0KHz,0,0,OFF,OFF,OFF,0,0,1,0,0,0,0,0,0,0,0,0,0,0,0,0,0,0,0,0,0,0,0,0,0,0,,1,
100,0,153.77,153.77,0,OFF,NFM,PA Fire,OFF,100.0 Hz,023,RX Normal TX Normal,1600 Hz,HIGH,OFF,10.0KHz,0,0,OFF,OFF,OFF,0,0,0,1,0,0,0,0,0,0,0,0,0,0,0,0,0,0,0,0,0,0,0,0,0,0,,1,
101,0,154.055,154.055,0,OFF,NFM,PA Fire Command,OFF,100.0 Hz,023,RX Normal TX Normal,1600 Hz,HIGH,OFF,5.0KHz,0,0,OFF,OFF,OFF,0,0,0,1,0,0,0,0,0,0,0,0,0,0,0,0,0,0,0,0,0,0,0,0,0,0,,1,
102,0,153.83,153.83,0,OFF,NFM,PA Fire Tactical,OFF,100.0 Hz,023,RX Normal TX Normal,1600 Hz,HIGH,OFF,10.0KHz,0,0,OFF,OFF,OFF,0,0,0,1,0,0,0,0,0,0,0,0,0,0,0,0,0,0,0,0,0,0,0,0,0,0,,1,
103,0,482.6125,482.6125,0,OFF,NFM,PA Police 1,OFF,100.0 Hz,023,RX Normal TX Normal,1600 Hz,HIGH,OFF,12.5KHz,0,0,OFF,OFF,OFF,0,0,0,1,0,0,0,0,0,0,0,0,0,0,0,0,0,0,0,0,0,0,0,0,0,0,,1,
104,0,482.8125,482.8125,0,OFF,NFM,PA Police 2,OFF,100.0 Hz,023,RX Normal TX Normal,1600 Hz,HIGH,SKIP,12.5KHz,0,0,OFF,OFF,OFF,0,0,0,1,0,0,0,0,0,0,0,0,0,0,0,0,0,0,0,0,0,0,0,0,0,0,,1,
105,0,453.7,453.7,0,OFF,NFM,PA Public Works,OFF,100.0 Hz,023,RX Normal TX Normal,1600 Hz,HIGH,OFF,12.5KHz,0,0,OFF,OFF,OFF,0,0,0,1,0,0,0,0,0,0,0,0,0,0,0,0,0,0,0,0,0,0,0,0,0,0,,1,
106,0,453.75,453.75,0,OFF,NFM,PA Util Elec,OFF,100.0 Hz,023,RX Normal TX Normal,1600 Hz,HIGH,OFF,12.5KHz,0,0,OFF,OFF,OFF,0,0,0,1,0,0,0,0,0,0,0,0,0,0,0,0,0,0,0,0,0,0,0,0,0,0,,1,
107,0,488.7375,488.7375,0,OFF,NFM,Pacifica PD,OFF,100.0 Hz,023,RX Normal TX Normal,1600 Hz,HIGH,OFF,12.5KHz,0,0,OFF,OFF,OFF,0,0,0,1,0,0,0,0,0,0,0,0,0,0,0,0,0,0,0,0,0,0,0,0,0,0,,1,
108,0,153.56,153.56,0,OFF,NFM,PG&E Peninsula,OFF,100.0 Hz,023,RX Normal TX Normal,1600 Hz,HIGH,SKIP,10.0KHz,0,0,OFF,OFF,OFF,0,0,0,1,0,0,0,0,0,0,0,0,0,0,0,0,0,0,0,0,0,0,0,0,0,0,,1,
109,0,440.8,440.8,0,OFF,NFM,PugetAPRS UHF 96,OFF,100.0 Hz,023,RX Normal TX Normal,1600 Hz,HIGH,OFF,25.0KHz,0,0,OFF,OFF,OFF,0,0,0,0,0,0,0,0,0,0,0,0,0,0,0,0,0,0,0,0,0,0,0,0,0,0,,1,
110,0,144.35,144.35,0,OFF,NFM,PugetAPRS VHF 96,OFF,100.0 Hz,023,RX Normal TX Normal,1600 Hz,HIGH,OFF,5.0KHz,0,0,OFF,OFF,OFF,0,0,0,0,0,0,0,0,0,0,0,0,0,0,0,0,0,0,0,0,0,0,0,0,0,0,,1,
111,0,483.45,483.45,0,OFF,NFM,RC Police 1,OFF,100.0 Hz,023,RX Normal TX Normal,1600 Hz,HIGH,OFF,50.0KHz,0,0,OFF,OFF,OFF,0,0,0,1,0,0,0,0,0,0,0,0,0,0,0,0,0,0,0,0,0,0,0,0,0,0,,1,
112,0,488.7875,488.7875,0,OFF,NFM,RC Police 2,OFF,100.0 Hz,023,RX Normal TX Normal,1600 Hz,HIGH,OFF,12.5KHz,0,0,OFF,OFF,OFF,0,0,0,1,0,0,0,0,0,0,0,0,0,0,0,0,0,0,0,0,0,0,0,0,0,0,,1,
113,0,484.4875,484.4875,0,OFF,NFM,RC Police 3/Tac,OFF,100.0 Hz,023,RX Normal TX Normal,1600 Hz,HIGH,OFF,12.5KHz,0,0,OFF,OFF,OFF,0,0,0,1,0,0,0,0,0,0,0,0,0,0,0,0,0,0,0,0,0,0,0,0,0,0,,1,
114,0,483.1875,483.1875,0,OFF,NFM,SamTrans N,OFF,100.0 Hz,023,RX Normal TX Normal,1600 Hz,HIGH,OFF,12.5KHz,0,0,OFF,OFF,OFF,0,0,0,0,0,1,0,0,0,0,0,0,0,0,0,0,0,0,0,0,0,0,0,0,0,0,,1,
115,0,483.2375,483.2375,0,OFF,NFM,SamTrans S,OFF,100.0 Hz,023,RX Normal TX Normal,1600 Hz,HIGH,OFF,12.5KHz,0,0,OFF,OFF,OFF,0,0,0,0,0,1,0,0,0,0,0,0,0,0,0,0,0,0,0,0,0,0,0,0,0,0,,1,
116,0,490.5375,490.5375,0,OFF,NFM,San Bruno PD,OFF,100.0 Hz,023,RX Normal TX Normal,1600 Hz,HIGH,OFF,12.5KHz,0,0,OFF,OFF,OFF,0,0,0,1,0,0,0,0,0,0,0,0,0,0,0,0,0,0,0,0,0,0,0,0,0,0,,1,
117,0,488.7875,488.7875,0,OFF,NFM,San Bruno PD 2,OFF,100.0 Hz,023,RX Normal TX Normal,1600 Hz,HIGH,OFF,12.5KHz,0,0,OFF,OFF,OFF,0,0,0,1,0,0,0,0,0,0,0,0,0,0,0,0,0,0,0,0,0,0,0,0,0,0,,1,
118,0,154.25,154.25,0,OFF,NFM,SCC Fire,OFF,100.0 Hz,023,RX Normal TX Normal,1600 Hz,HIGH,OFF,12.5KHz,0,0,OFF,OFF,OFF,0,0,0,1,0,0,0,0,0,0,0,0,0,0,0,0,0,0,0,0,0,0,0,0,0,0,,1,
119,0,153.845,153.845,0,OFF,NFM,SCC Fire Command,OFF,100.0 Hz,023,RX Normal TX Normal,1600 Hz,HIGH,OFF,5.0KHz,0,0,OFF,OFF,OFF,0,0,0,1,0,0,0,0,0,0,0,0,0,0,0,0,0,0,0,0,0,0,0,0,0,0,,1,
120,0,460.125,460.125,0,OFF,NFM,SCC North Tac,OFF,100.0 Hz,023,RX Normal TX Normal,1600 Hz,HIGH,OFF,12.5KHz,0,0,OFF,OFF,OFF,0,0,0,1,0,0,0,0,0,0,0,0,0,0,0,0,0,0,0,0,0,0,0,0,0,0,,1,
121,0,47.42,47.42,0,OFF,AM,SCC Red Cross 1,OFF,100.0 Hz,023,RX Normal TX Normal,1600 Hz,HIGH,OFF,5.0KHz,0,0,OFF,OFF,OFF,0,0,0,0,0,0,1,0,0,0,0,0,0,0,0,0,0,0,0,0,0,0,0,0,0,0,,1,
122,0,47.46,47.46,0,OFF,AM,SCC Red Cross 2,OFF,100.0 Hz,023,RX Normal TX Normal,1600 Hz,HIGH,OFF,5.0KHz,0,0,OFF,OFF,OFF,0,0,0,0,0,0,1,0,0,0,0,0,0,0,0,0,0,0,0,0,0,0,0,0,0,0,,1,
123,0,156.21,156.21,0,OFF,NFM,SCC Sheriff,OFF,100.0 Hz,023,RX Normal TX Normal,1600 Hz,HIGH,OFF,15.0KHz,0,0,OFF,OFF,OFF,0,0,0,1,0,0,0,0,0,0,0,0,0,0,0,0,0,0,0,0,0,0,0,0,0,0,,1,
124,0,298.95,298.95,0,OFF,NFM,SFO A/D N,OFF,100.0 Hz,023,RX Normal TX Normal,1600 Hz,HIGH,OFF,12.5KHz,0,0,OFF,OFF,OFF,0,0,0,0,1,0,0,0,0,0,0,0,0,0,0,0,0,0,0,0,0,0,0,0,0,0,,1,
125,0,323.2,323.2,0,OFF,AM,SFO A/D NW,OFF,100.0 Hz,023,RX Normal TX Normal,1600 Hz,HIGH,OFF,100.0KHz,0,0,OFF,OFF,OFF,0,0,0,0,1,0,0,0,0,0,0,0,0,0,0,0,0,0,0,0,0,0,0,0,0,0,,1,
126,0,310.8,310.8,0,OFF,AM,SFO A/D S,OFF,100.0 Hz,023,RX Normal TX Normal,1600 Hz,HIGH,OFF,100.0KHz,0,0,OFF,OFF,OFF,0,0,0,0,1,0,0,0,0,0,0,0,0,0,0,0,0,0,0,0,0,0,0,0,0,0,,1,
127,0,338.2,338.2,0,OFF,NFM,SFO A/D SE,OFF,100.0 Hz,023,RX Normal TX Normal,1600 Hz,HIGH,OFF,12.5KHz,0,0,OFF,OFF,OFF,0,0,0,0,1,0,0,0,0,0,0,0,0,0,0,0,0,0,0,0,0,0,0,0,0,0,,1,
128,0,354.1,354.1,0,OFF,NFM,SFO A/D SE,OFF,100.0 Hz,023,RX Normal TX Normal,1600 Hz,HIGH,OFF,12.5KHz,0,0,OFF,OFF,OFF,0,0,0,0,1,0,0,0,0,0,0,0,0,0,0,0,0,0,0,0,0,0,0,0,0,0,,1,
129,0,307.2,307.2,0,OFF,AM,SFO A/D W,OFF,100.0 Hz,023,RX Normal TX Normal,1600 Hz,HIGH,OFF,100.0KHz,0,0,OFF,OFF,OFF,0,0,0,0,1,0,0,0,0,0,0,0,0,0,0,0,0,0,0,0,0,0,0,0,0,0,,1,
130,0,131.2,131.2,0,OFF,AM,SFO Alaska Ops,OFF,100.0 Hz,023,RX Normal TX Normal,1600 Hz,HIGH,OFF,25.0KHz,0,0,OFF,OFF,OFF,0,0,0,0,1,0,0,0,0,0,0,0,0,0,0,0,0,0,0,0,0,0,0,0,0,0,,1,
131,0,127,127,0,OFF,AM,SFO Approach N,OFF,100.0 Hz,023,RX Normal TX Normal,1600 Hz,HIGH,OFF,25.0KHz,0,0,OFF,OFF,OFF,0,0,0,0,1,0,0,0,0,0,0,0,0,0,0,0,0,0,0,0,0,0,0,0,0,0,,1,
132,0,125.35,125.35,0,OFF,AM,SFO Approach NE,OFF,100.0 Hz,023,RX Normal TX Normal,1600 Hz,HIGH,OFF,25.0KHz,0,0,OFF,OFF,OFF,0,0,0,0,1,0,0,0,0,0,0,0,0,0,0,0,0,0,0,0,0,0,0,0,0,0,,1,
133,0,135.65,135.65,0,OFF,AM,SFO Approach S,OFF,100.0 Hz,023,RX Normal TX Normal,1600 Hz,HIGH,OFF,25.0KHz,0,0,OFF,OFF,OFF,0,0,0,0,1,0,0,0,0,0,0,0,0,0,0,0,0,0,0,0,0,0,0,0,0,0,,1,
134,0,134.5,134.5,0,OFF,AM,SFO Approach SE,OFF,100.0 Hz,023,RX Normal TX Normal,1600 Hz,HIGH,OFF,25.0KHz,0,0,OFF,OFF,OFF,0,0,0,0,1,0,0,0,0,0,0,0,0,0,0,0,0,0,0,0,0,0,0,0,0,0,,1,
135,0,118.85,118.85,0,OFF,AM,SFO ATIS Arrival,OFF,100.0 Hz,023,RX Normal TX Normal,1600 Hz,HIGH,OFF,25.0KHz,0,0,OFF,OFF,OFF,0,0,0,0,1,0,0,0,0,0,0,0,0,0,0,0,0,0,0,0,0,0,0,0,0,0,,1,
136,0,135.45,135.45,0,OFF,AM,SFO ATIS Depart,OFF,100.0 Hz,023,RX Normal TX Normal,1600 Hz,HIGH,OFF,25.0KHz,0,0,OFF,OFF,OFF,0,0,0,0,1,0,0,0,0,0,0,0,0,0,0,0,0,0,0,0,0,0,0,0,0,0,,1,
137,0,115.8,115.8,0,OFF,AM,SFO ATIS VOR,OFF,100.0 Hz,023,RX Normal TX Normal,1600 Hz,HIGH,OFF,25.0KHz,0,0,OFF,OFF,OFF,0,0,0,0,1,0,0,0,0,0,0,0,0,0,0,0,0,0,0,0,0,0,0,0,0,0,,1,
138,0,118.2,118.2,0,OFF,AM,SFO Clearance,OFF,100.0 Hz,023,RX Normal TX Normal,1600 Hz,HIGH,OFF,25.0KHz,0,0,OFF,OFF,OFF,0,0,0,0,1,0,0,0,0,0,0,0,0,0,0,0,0,0,0,0,0,0,0,0,0,0,,1,
139,0,120.9,120.9,0,OFF,AM,SFO Depart NW,OFF,100.0 Hz,023,RX Normal TX Normal,1600 Hz,HIGH,OFF,25.0KHz,0,0,OFF,OFF,OFF,0,0,0,0,1,0,0,0,0,0,0,0,0,0,0,0,0,0,0,0,0,0,0,0,0,0,,1,
140,0,135.1,135.1,0,OFF,AM,SFO Depart W,OFF,100.0 Hz,023,RX Normal TX Normal,1600 Hz,HIGH,OFF,25.0KHz,0,0,OFF,OFF,OFF,0,0,0,0,1,0,0,0,0,0,0,0,0,0,0,0,0,0,0,0,0,0,0,0,0,0,,1,
141,0,121.8,121.8,0,OFF,AM,SFO Ground,OFF,100.0 Hz,023,RX Normal TX Normal,1600 Hz,HIGH,OFF,25.0KHz,0,0,OFF,OFF,OFF,0,0,0,0,1,0,0,0,0,0,0,0,0,0,0,0,0,0,0,0,0,0,0,0,0,0,,1,
142,0,127.575,127.575,0,OFF,AM,SFO Ramp E,OFF,100.0 Hz,023,RX Normal TX Normal,1600 Hz,HIGH,OFF,25.0KHz,0,0,OFF,OFF,OFF,0,0,0,0,1,0,0,0,0,0,0,0,0,0,0,0,0,0,0,0,0,0,0,0,0,0,,1,
143,0,119.225,119.225,0,OFF,AM,SFO Ramp W,OFF,100.0 Hz,023,RX Normal TX Normal,1600 Hz,HIGH,OFF,25.0KHz,0,0,OFF,OFF,OFF,0,0,0,0,1,0,0,0,0,0,0,0,0,0,0,0,0,0,0,0,0,0,0,0,0,0,,1,
144,0,120.5,120.5,0,OFF,AM,SFO Tower UHF,OFF,100.0 Hz,023,RX Normal TX Normal,1600 Hz,HIGH,OFF,25.0KHz,0,0,OFF,OFF,OFF,0,0,0,0,1,0,0,0,0,0,0,0,0,0,0,0,0,0,0,0,0,0,0,0,0,0,,1,
145,0,269.1,269.1,0,OFF,NFM,SFO Tower VHF,OFF,100.0 Hz,023,RX Normal TX Normal,1600 Hz,HIGH,OFF,12.5KHz,0,0,OFF,OFF,OFF,0,0,0,0,1,0,0,0,0,0,0,0,0,0,0,0,0,0,0,0,0,0,0,0,0,0,,1,
146,0,155.925,155.925,0,OFF,NFM,SJ Fire 11/Cmd,OFF,100.0 Hz,023,RX Normal TX Normal,1600 Hz,HIGH,OFF,12.5KHz,0,0,OFF,OFF,OFF,0,0,0,1,0,0,0,0,0,0,0,0,0,0,0,0,0,0,0,0,0,0,0,0,0,0,,1,
147,0,153.98,153.98,0,OFF,NFM,SJ Fire 12/Cmd/N,OFF,100.0 Hz,023,RX Normal TX Normal,1600 Hz,HIGH,OFF,10.0KHz,0,0,OFF,OFF,OFF,0,0,0,1,0,0,0,0,0,0,0,0,0,0,0,0,0,0,0,0,0,0,0,0,0,0,,1,
148,0,154.115,154.115,0,OFF,NFM,SJ Fire 13/Cmd/S,OFF,100.0 Hz,023,RX Normal TX Normal,1600 Hz,HIGH,OFF,5.0KHz,0,0,OFF,OFF,OFF,0,0,0,1,0,0,0,0,0,0,0,0,0,0,0,0,0,0,0,0,0,0,0,0,0,0,,1,
149,0,155.13,155.13,0,OFF,NFM,SJ Fire 14/Cmd,OFF,100.0 Hz,023,RX Normal TX Normal,1600 Hz,HIGH,OFF,10.0KHz,0,0,OFF,OFF,OFF,0,0,0,1,0,0,0,0,0,0,0,0,0,0,0,0,0,0,0,0,0,0,0,0,0,0,,1,
150,0,155.13,155.13,0,OFF,NFM,SJ Fire 15/Cmd,OFF,100.0 Hz,023,RX Normal TX Normal,1600 Hz,HIGH,OFF,10.0KHz,0,0,OFF,OFF,OFF,0,0,0,1,0,0,0,0,0,0,0,0,0,0,0,0,0,0,0,0,0,0,0,0,0,0,,1,
151,0,154.43,154.43,0,OFF,NFM,SJ Fire 31/Tac,OFF,100.0 Hz,023,RX Normal TX Normal,1600 Hz,HIGH,OFF,10.0KHz,0,0,OFF,OFF,OFF,0,0,0,0,0,0,0,0,0,0,0,0,0,0,0,0,0,0,0,0,0,0,0,0,0,0,,1,
152,0,154.31,154.31,0,OFF,NFM,SJ Fire 32/Tac,OFF,100.0 Hz,023,RX Normal TX Normal,1600 Hz,HIGH,OFF,10.0KHz,0,0,OFF,OFF,OFF,0,0,0,0,0,0,0,0,0,0,0,0,0,0,0,0,0,0,0,0,0,0,0,0,0,0,,1,
153,0,151.04,151.04,0,OFF,NFM,SJ Fire 33/Tac,OFF,100.0 Hz,023,RX Normal TX Normal,1600 Hz,HIGH,OFF,10.0KHz,0,0,OFF,OFF,OFF,0,0,0,0,0,0,0,0,0,0,0,0,0,0,0,0,0,0,0,0,0,0,0,0,0,0,,1,
154,0,150.775,150.775,0,OFF,NFM,SJ Fire 34/Tac,OFF,100.0 Hz,023,RX Normal TX Normal,1600 Hz,HIGH,OFF,12.5KHz,0,0,OFF,OFF,OFF,0,0,0,0,0,0,0,0,0,0,0,0,0,0,0,0,0,0,0,0,0,0,0,0,0,0,,1,
155,0,155.13,155.13,0,OFF,NFM,SJ Fire 35/Tac,OFF,100.0 Hz,023,RX Normal TX Normal,1600 Hz,HIGH,OFF,10.0KHz,0,0,OFF,OFF,OFF,0,0,0,0,0,0,0,0,0,0,0,0,0,0,0,0,0,0,0,0,0,0,0,0,0,0,,1,
156,0,150.805,150.805,0,OFF,NFM,SJ Fire 36/Tac,OFF,100.0 Hz,023,RX Normal TX Normal,1600 Hz,HIGH,OFF,5.0KHz,0,0,OFF,OFF,OFF,0,0,0,0,0,0,0,0,0,0,0,0,0,0,0,0,0,0,0,0,0,0,0,0,0,0,,1,
157,0,155.025,155.025,0,OFF,NFM,SJ Fire Dispatch,OFF,100.0 Hz,023,RX Normal TX Normal,1600 Hz,HIGH,OFF,12.5KHz,0,0,OFF,OFF,OFF,0,0,0,1,0,0,0,0,0,0,0,0,0,0,0,0,0,0,0,0,0,0,0,0,0,0,,1,
158,0,460.15,460.15,0,OFF,NFM,SJ PD 1/N,OFF,100.0 Hz,023,RX Normal TX Normal,1600 Hz,HIGH,OFF,12.5KHz,0,0,OFF,OFF,OFF,0,0,0,1,0,0,0,0,0,0,0,0,0,0,0,0,0,0,0,0,0,0,0,0,0,0,,1,
159,0,460.025,460.025,0,OFF,NFM,SJ PD 10/CLEMARS,OFF,100.0 Hz,023,RX Normal TX Normal,1600 Hz,HIGH,OFF,12.5KHz,0,0,OFF,OFF,OFF,0,0,0,1,0,0,0,0,0,0,0,0,0,0,0,0,0,0,0,0,0,0,0,0,0,0,,1,
160,0,460.05,460.05,0,OFF,NFM,SJ PD 11/Cmn 2,OFF,100.0 Hz,023,RX Normal TX Normal,1600 Hz,HIGH,OFF,12.5KHz,0,0,OFF,OFF,OFF,0,0,0,1,0,0,0,0,0,0,0,0,0,0,0,0,0,0,0,0,0,0,0,0,0,0,,1,
161,0,460.025,460.025,0,OFF,NFM,SJ PD 12/BAYMACS,OFF,100.0 Hz,023,RX Normal TX Normal,1600 Hz,HIGH,OFF,12.5KHz,0,0,OFF,OFF,OFF,0,0,0,1,0,0,0,0,0,0,0,0,0,0,0,0,0,0,0,0,0,0,0,0,0,0,,1,
162,0,460.175,460.175,0,OFF,NFM,SJ PD 13/Tac 1,OFF,100.0 Hz,023,RX Normal TX Normal,1600 Hz,HIGH,OFF,12.5KHz,0,0,OFF,OFF,OFF,0,0,0,1,0,0,0,0,0,0,0,0,0,0,0,0,0,0,0,0,0,0,0,0,0,0,,1,
163,0,460.3,460.3,0,OFF,NFM,SJ PD 14/Tac 2,OFF,100.0 Hz,023,RX Normal TX Normal,1600 Hz,HIGH,OFF,12.5KHz,0,0,OFF,OFF,OFF,0,0,0,1,0,0,0,0,0,0,0,0,0,0,0,0,0,0,0,0,0,0,0,0,0,0,,1,
164,0,460.375,460.375,0,OFF,NFM,SJ PD 15/Tac 3,OFF,100.0 Hz,023,RX Normal TX Normal,1600 Hz,HIGH,OFF,12.5KHz,0,0,OFF,OFF,OFF,0,0,0,1,0,0,0,0,0,0,0,0,0,0,0,0,0,0,0,0,0,0,0,0,0,0,,1,
165,0,460.1,460.1,0,OFF,NFM,SJ PD 16/Tac 4,OFF,100.0 Hz,023,RX Normal TX Normal,1600 Hz,HIGH,OFF,12.5KHz,0,0,OFF,OFF,OFF,0,0,0,0,0,0,0,0,0,0,0,0,0,0,0,0,0,0,0,0,0,0,0,0,0,0,,1,
166,0,460.3625,460.3625,0,OFF,NFM,SJ PD 18/Special,OFF,100.0 Hz,023,RX Normal TX Normal,1600 Hz,HIGH,OFF,12.5KHz,0,0,OFF,OFF,OFF,0,0,0,1,0,0,0,0,0,0,0,0,0,0,0,0,0,0,0,0,0,0,0,0,0,0,,1,
167,0,460.25,460.25,0,OFF,NFM,SJ PD 19/Narc,OFF,100.0 Hz,023,RX Normal TX Normal,1600 Hz,HIGH,OFF,12.5KHz,0,0,OFF,OFF,OFF,0,0,0,1,0,0,0,0,0,0,0,0,0,0,0,0,0,0,0,0,0,0,0,0,0,0,,1,
168,0,460.275,460.275,0,OFF,NFM,SJ PD 2/W,OFF,100.0 Hz,023,RX Normal TX Normal,1600 Hz,HIGH,OFF,12.5KHz,0,0,OFF,OFF,OFF,0,0,0,1,0,0,0,0,0,0,0,0,0,0,0,0,0,0,0,0,0,0,0,0,0,0,,1,
169,0,460.2,460.2,0,OFF,NFM,SJ PD 3/NE,OFF,100.0 Hz,023,RX Normal TX Normal,1600 Hz,HIGH,OFF,12.5KHz,0,0,OFF,OFF,OFF,0,0,0,1,0,0,0,0,0,0,0,0,0,0,0,0,0,0,0,0,0,0,0,0,0,0,,1,
170,0,460.425,460.425,5,OFF,NFM,SJ PD 4/SE1,OFF,100.0 Hz,023,RX Normal TX Normal,1600 Hz,HIGH,OFF,12.5KHz,0,0,OFF,OFF,OFF,0,0,0,1,0,0,0,0,0,0,0,0,0,0,0,0,0,0,0,0,0,0,0,0,0,0,,1,
171,0,460.4,460.4,0,OFF,NFM,SJ PD 5/Downtown,OFF,100.0 Hz,023,RX Normal TX Normal,1600 Hz,HIGH,OFF,12.5KHz,0,0,OFF,OFF,OFF,0,0,0,1,0,0,0,0,0,0,0,0,0,0,0,0,0,0,0,0,0,0,0,0,0,0,,1,
172,0,460.325,460.325,0,OFF,NFM,SJ PD 6/Central,OFF,100.0 Hz,023,RX Normal TX Normal,1600 Hz,HIGH,OFF,12.5KHz,0,0,OFF,OFF,OFF,0,0,0,1,0,0,0,0,0,0,0,0,0,0,0,0,0,0,0,0,0,0,0,0,0,0,,1,
173,0,460.475,460.475,0,OFF,NFM,SJ PD 7/SW,OFF,100.0 Hz,023,RX Normal TX Normal,1600 Hz,HIGH,OFF,12.5KHz,0,0,OFF,OFF,OFF,0,0,0,1,0,0,0,0,0,0,0,0,0,0,0,0,0,0,0,0,0,0,0,0,0,0,,1,
174,0,460.525,460.525,0,OFF,NFM,SJ PD 8/SE2,OFF,100.0 Hz,023,RX Normal TX Normal,1600 Hz,HIGH,OFF,12.5KHz,0,0,OFF,OFF,OFF,0,0,0,1,0,0,0,0,0,0,0,0,0,0,0,0,0,0,0,0,0,0,0,0,0,0,,1,
175,0,460.1,460.1,0,OFF,NFM,SJ PD 9/Cmn 1,OFF,100.0 Hz,023,RX Normal TX Normal,1600 Hz,HIGH,OFF,12.5KHz,0,0,OFF,OFF,OFF,0,0,0,1,0,0,0,0,0,0,0,0,0,0,0,0,0,0,0,0,0,0,0,0,0,0,,1,
176,0,453.25,453.25,0,OFF,NFM,SJ PW 1,OFF,100.0 Hz,023,RX Normal TX Normal,1600 Hz,HIGH,SKIP,12.5KHz,0,0,OFF,OFF,OFF,0,0,0,1,0,0,0,0,0,0,0,0,0,0,0,0,0,0,0,0,0,0,0,0,0,0,,1,
177,0,453.3,453.3,0,OFF,NFM,SJ PW 2,OFF,100.0 Hz,023,RX Normal TX Normal,1600 Hz,HIGH,OFF,12.5KHz,0,0,OFF,OFF,OFF,0,0,0,1,0,0,0,0,0,0,0,0,0,0,0,0,0,0,0,0,0,0,0,0,0,0,,1,
178,0,121.3,121.3,0,OFF,AM,SJC A/D NE 1,OFF,100.0 Hz,023,RX Normal TX Normal,1600 Hz,HIGH,OFF,25.0KHz,0,0,OFF,OFF,OFF,0,0,0,0,1,0,0,0,0,0,0,0,0,0,0,0,0,0,0,0,0,0,0,0,0,0,,1,
179,0,270.35,270.35,0,OFF,NFM,SJC A/D NE 2,OFF,100.0 Hz,023,RX Normal TX Normal,1600 Hz,HIGH,OFF,12.5KHz,0,0,OFF,OFF,OFF,0,0,0,0,1,0,0,0,0,0,0,0,0,0,0,0,0,0,0,0,0,0,0,0,0,0,,1,
180,0,120.1,120.1,0,OFF,AM,SJC A/D NW 1,OFF,100.0 Hz,023,RX Normal TX Normal,1600 Hz,HIGH,OFF,25.0KHz,0,0,OFF,OFF,OFF,0,0,0,0,1,0,0,0,0,0,0,0,0,0,0,0,0,0,0,0,0,0,0,0,0,0,,1,
181,0,290.25,290.25,0,OFF,NFM,SJC A/D NW 2,OFF,100.0 Hz,023,RX Normal TX Normal,1600 Hz,HIGH,OFF,12.5KHz,0,0,OFF,OFF,OFF,0,0,0,0,1,0,0,0,0,0,0,0,0,0,0,0,0,0,0,0,0,0,0,0,0,0,,1,
182,0,135.2,135.2,0,OFF,AM,SJC A/D S 1,OFF,100.0 Hz,023,RX Normal TX Normal,1600 Hz,HIGH,OFF,25.0KHz,0,0,OFF,OFF,OFF,0,0,0,0,1,0,0,0,0,0,0,0,0,0,0,0,0,0,0,0,0,0,0,0,0,0,,1,
183,0,379.1,379.1,0,OFF,NFM,SJC A/D S 1,OFF,100.0 Hz,023,RX Normal TX Normal,1600 Hz,HIGH,OFF,12.5KHz,0,0,OFF,OFF,OFF,0,0,0,0,1,0,0,0,0,0,0,0,0,0,0,0,0,0,0,0,0,0,0,0,0,0,,1,
184,0,126.95,126.95,0,OFF,AM,SJC ATIS,OFF,100.0 Hz,023,RX Normal TX Normal,1600 Hz,HIGH,OFF,25.0KHz,0,0,OFF,OFF,OFF,0,0,0,0,1,0,0,0,0,0,0,0,0,0,0,0,0,0,0,0,0,0,0,0,0,0,,1,
185,0,118,118,0,OFF,AM,SJC Clearance,OFF,100.0 Hz,023,RX Normal TX Normal,1600 Hz,HIGH,OFF,25.0KHz,0,0,OFF,OFF,OFF,0,0,0,0,1,0,0,0,0,0,0,0,0,0,0,0,0,0,0,0,0,0,0,0,0,0,,1,
186,0,121.7,121.7,0,OFF,AM,SJC Ground,OFF,100.0 Hz,023,RX Normal TX Normal,1600 Hz,HIGH,OFF,25.0KHz,0,0,OFF,OFF,OFF,0,0,0,0,1,0,0,0,0,0,0,0,0,0,0,0,0,0,0,0,0,0,0,0,0,0,,1,
187,0,257.6,257.6,0,OFF,NFM,SJC Tower UHF,OFF,100.0 Hz,023,RX Normal TX Normal,1600 Hz,HIGH,OFF,12.5KHz,0,0,OFF,OFF,OFF,0,0,0,0,1,0,0,0,0,0,0,0,0,0,0,0,0,0,0,0,0,0,0,0,0,0,,1,
188,0,124,124,0,OFF,AM,SJC Tower VHF,OFF,100.0 Hz,023,RX Normal TX Normal,1600 Hz,HIGH,OFF,25.0KHz,0,0,OFF,OFF,OFF,0,0,0,0,1,0,0,0,0,0,0,0,0,0,0,0,0,0,0,0,0,0,0,0,0,0,,1,
189,0,488.3125,488.3125,0,OFF,NFM,SM Police 1,OFF,100.0 Hz,023,RX Normal TX Normal,1600 Hz,HIGH,OFF,12.5KHz,0,0,OFF,OFF,OFF,0,0,0,1,0,0,0,0,0,0,0,0,0,0,0,0,0,0,0,0,0,0,0,0,0,0,,1,
190,0,482.9875,482.9875,0,OFF,NFM,SM Police 2/Tac,OFF,100.0 Hz,023,RX Normal TX Normal,1600 Hz,HIGH,OFF,12.5KHz,0,0,OFF,OFF,OFF,0,0,0,1,0,0,0,0,0,0,0,0,0,0,0,0,0,0,0,0,0,0,0,0,0,0,,1,
191,0,482.9125,482.9125,0,OFF,NFM,SM Police 3,OFF,100.0 Hz,023,RX Normal TX Normal,1600 Hz,HIGH,OFF,12.5KHz,0,0,OFF,OFF,OFF,0,0,0,1,0,0,0,0,0,0,0,0,0,0,0,0,0,0,0,0,0,0,0,0,0,0,,1,
192,0,153.92,153.92,0,OFF,NFM,SM Public Works,OFF,100.0 Hz,023,RX Normal TX Normal,1600 Hz,HIGH,OFF,10.0KHz,0,0,OFF,OFF,OFF,0,0,0,1,0,0,0,0,0,0,0,0,0,0,0,0,0,0,0,0,0,0,0,0,0,0,,1,
193,0,155.895,155.895,0,OFF,NFM,SMC Fire C Cmd,OFF,100.0 Hz,023,RX Normal TX Normal,1600 Hz,HIGH,OFF,5.0KHz,0,0,OFF,OFF,OFF,0,0,0,1,0,0,0,0,0,0,0,0,0,0,0,0,0,0,0,0,0,0,0,0,0,0,,1,
194,0,154.34,154.34,0,OFF,NFM,SMC Fire CHM Dsp,OFF,100.0 Hz,023,RX Normal TX Normal,1600 Hz,HIGH,OFF,10.0KHz,0,0,OFF,OFF,OFF,0,0,0,1,0,0,0,0,0,0,0,0,0,0,0,0,0,0,0,0,0,0,0,0,0,0,,1,
195,0,154.235,154.235,0,OFF,NFM,SMC Fire CLH Dsp,OFF,100.0 Hz,023,RX Normal TX Normal,1600 Hz,HIGH,SKIP,5.0KHz,0,0,OFF,OFF,OFF,0,0,0,1,0,0,0,0,0,0,0,0,0,0,0,0,0,0,0,0,0,0,0,0,0,0,,1,
196,0,151.475,151.475,0,OFF,NFM,SMC Fire Cmd,OFF,100.0 Hz,023,RX Normal TX Normal,1600 Hz,HIGH,OFF,12.5KHz,0,0,OFF,OFF,OFF,0,0,0,1,0,0,0,0,0,0,0,0,0,0,0,0,0,0,0,0,0,0,0,0,0,0,,1,
197,0,153.95,153.95,0,OFF,NFM,SMC Fire Cnt Cmd,OFF,100.0 Hz,023,RX Normal TX Normal,1600 Hz,HIGH,OFF,12.5KHz,0,0,OFF,OFF,OFF,0,0,0,1,0,0,0,0,0,0,0,0,0,0,0,0,0,0,0,0,0,0,0,0,0,0,,1,
198,0,153.785,153.785,0,OFF,NFM,SMC Fire Cnt Dsp,OFF,100.0 Hz,023,RX Normal TX Normal,1600 Hz,HIGH,OFF,5.0KHz,0,0,OFF,OFF,OFF,0,0,0,1,0,0,0,0,0,0,0,0,0,0,0,0,0,0,0,0,0,0,0,0,0,0,,1,
199,0,151.085,151.085,0,OFF,NFM,SMC Fire CPP Dsp,OFF,100.0 Hz,023,RX Normal TX Normal,1600 Hz,HIGH,OFF,5.0KHz,0,0,OFF,OFF,OFF,0,0,0,1,0,0,0,0,0,0,0,0,0,0,0,0,0,0,0,0,0,0,0,0,0,0,,1,
200,0,151.085,151.085,0,OFF,NFM,SMC Fire N Cmd,OFF,100.0 Hz,023,RX Normal TX Normal,1600 Hz,HIGH,OFF,5.0KHz,0,0,OFF,OFF,OFF,0,0,0,1,0,0,0,0,0,0,0,0,0,0,0,0,0,0,0,0,0,0,0,0,0,0,,1,
201,0,154.1,154.1,0,OFF,NFM,SMC Fire N Dsp,OFF,100.0 Hz,023,RX Normal TX Normal,1600 Hz,HIGH,OFF,12.5KHz,0,0,OFF,OFF,OFF,0,0,0,1,0,0,0,0,0,0,0,0,0,0,0,0,0,0,0,0,0,0,0,0,0,0,,1,
202,0,154.37,154.37,0,OFF,NFM,SMC Fire S Cmd,OFF,100.0 Hz,023,RX Normal TX Normal,1600 Hz,HIGH,OFF,10.0KHz,0,0,OFF,OFF,OFF,0,0,0,1,0,0,0,0,0,0,0,0,0,0,0,0,0,0,0,0,0,0,0,0,0,0,,1,
203,0,153.89,153.89,0,OFF,NFM,SMC Fire S Dsp,OFF,100.0 Hz,023,RX Normal TX Normal,1600 Hz,HIGH,OFF,10.0KHz,0,0,OFF,OFF,OFF,0,0,0,1,0,0,0,0,0,0,0,0,0,0,0,0,0,0,0,0,0,0,0,0,0,0,,1,
204,0,488.8625,488.8625,0,OFF,NFM,SMC Mutual 1/N,OFF,100.0 Hz,023,RX Normal TX Normal,1600 Hz,HIGH,OFF,12.5KHz,0,0,OFF,OFF,OFF,0,0,0,1,0,0,0,0,0,0,0,0,0,0,0,0,0,0,0,0,0,0,0,0,0,0,,1,
205,0,488.7125,488.7125,0,OFF,NFM,SMC Mutual 2/C,OFF,100.0 Hz,023,RX Normal TX Normal,1600 Hz,HIGH,OFF,12.5KHz,0,0,OFF,OFF,OFF,0,0,0,1,0,0,0,0,0,0,0,0,0,0,0,0,0,0,0,0,0,0,0,0,0,0,,1,
206,0,488.5375,488.5375,0,OFF,NFM,SMC Mutual 3/S,OFF,100.0 Hz,023,RX Normal TX Normal,1600 Hz,HIGH,OFF,12.5KHz,0,0,OFF,OFF,OFF,0,0,0,1,0,0,0,0,0,0,0,0,0,0,0,0,0,0,0,0,0,0,0,0,0,0,,1,
207,0,488.8875,488.8875,0,OFF,NFM,SMC Mutual Green,OFF,100.0 Hz,023,RX Normal TX Normal,1600 Hz,HIGH,OFF,12.5KHz,0,0,OFF,OFF,OFF,0,0,0,1,0,0,0,0,0,0,0,0,0,0,0,0,0,0,0,0,0,0,0,0,0,0,,1,
208,0,484.4875,484.4875,0,OFF,NFM,SMC Sheriff,OFF,100.0 Hz,023,RX Normal TX Normal,1600 Hz,HIGH,OFF,12.5KHz,0,0,OFF,OFF,OFF,0,0,0,1,0,0,0,0,0,0,0,0,0,0,0,0,0,0,0,0,0,0,0,0,0,0,,1,
209,0,482.7125,482.7125,0,OFF,NFM,SNYV Fire,OFF,100.0 Hz,023,RX Normal TX Normal,1600 Hz,HIGH,OFF,12.5KHz,0,0,OFF,OFF,OFF,0,0,0,1,0,0,0,0,0,0,0,0,0,0,0,0,0,0,0,0,0,0,0,0,0,0,,1,
210,0,482.4125,482.4125,0,OFF,NFM,SNYV Fire Tac,OFF,100.0 Hz,023,RX Normal TX Normal,1600 Hz,HIGH,OFF,12.5KHz,0,0,OFF,OFF,OFF,0,0,0,1,0,0,0,0,0,0,0,0,0,0,0,0,0,0,0,0,0,0,0,0,0,0,,1,
211,0,482.9625,482.9625,0,OFF,NFM,SNYV PD,OFF,100.0 Hz,023,RX Normal TX Normal,1600 Hz,HIGH,OFF,12.5KHz,0,0,OFF,OFF,OFF,0,0,0,1,0,0,0,0,0,0,0,0,0,0,0,0,0,0,0,0,0,0,0,0,0,0,,1,
212,0,483.1625,483.1625,0,OFF,NFM,SNYV PD Tac,OFF,100.0 Hz,023,RX Normal TX Normal,1600 Hz,HIGH,OFF,12.5KHz,0,0,OFF,OFF,OFF,0,0,0,1,0,0,0,0,0,0,0,0,0,0,0,0,0,0,0,0,0,0,0,0,0,0,,1,
213,0,453.8,453.8,0,OFF,NFM,SNYV PW,OFF,100.0 Hz,023,RX Normal TX Normal,1600 Hz,HIGH,OFF,12.5KHz,0,0,OFF,OFF,OFF,0,0,0,1,0,0,0,0,0,0,0,0,0,0,0,0,0,0,0,0,0,0,0,0,0,0,,1,
214,0,488.4625,488.4625,0,OFF,NFM,South SF PD,OFF,100.0 Hz,023,RX Normal TX Normal,1600 Hz,HIGH,OFF,12.5KHz,0,0,OFF,OFF,OFF,0,0,0,1,0,0,0,0,0,0,0,0,0,0,0,0,0,0,0,0,0,0,0,0,0,0,,1,
215,0,490.5875,490.5875,0,OFF,NFM,South SF PD 2,OFF,100.0 Hz,023,RX Normal TX Normal,1600 Hz,HIGH,OFF,12.5KHz,0,0,OFF,OFF,OFF,0,0,0,1,0,0,0,0,0,0,0,0,0,0,0,0,0,0,0,0,0,0,0,0,0,0,,1,
216,0,489.3375,489.3375,0,OFF,NFM,South SF PD Tac,OFF,100.0 Hz,023,RX Normal TX Normal,1600 Hz,HIGH,OFF,12.5KHz,0,0,OFF,OFF,OFF,0,0,0,1,0,0,0,0,0,0,0,0,0,0,0,0,0,0,0,0,0,0,0,0,0,0,,1,
217,0,135.65,135.65,0,OFF,AM,SQL A/D 1,OFF,100.0 Hz,023,RX Normal TX Normal,1600 Hz,HIGH,OFF,25.0KHz,0,0,OFF,OFF,OFF,0,0,0,0,1,0,0,0,0,0,0,0,0,0,0,0,0,0,0,0,0,0,0,0,0,0,,1,
218,0,310.8,310.8,0,OFF,AM,SQL A/D 2,OFF,100.0 Hz,023,RX Normal TX Normal,1600 Hz,HIGH,OFF,100.0KHz,0,0,OFF,OFF,OFF,0,0,0,0,1,0,0,0,0,0,0,0,0,0,0,0,0,0,0,0,0,0,0,0,0,0,,1,
219,0,133.95,133.95,0,OFF,AM,SQL Approach 1,OFF,100.0 Hz,023,RX Normal TX Normal,1600 Hz,HIGH,OFF,25.0KHz,0,0,OFF,OFF,OFF,0,0,0,0,1,0,0,0,0,0,0,0,0,0,0,0,0,0,0,0,0,0,0,0,0,0,,1,
220,0,251.05,251.05,0,OFF,NFM,SQL Approach 2,OFF,100.0 Hz,023,RX Normal TX Normal,1600 Hz,HIGH,OFF,12.5KHz,0,0,OFF,OFF,OFF,0,0,0,0,1,0,0,0,0,0,0,0,0,0,0,0,0,0,0,0,0,0,0,0,0,0,,1,
221,0,317.6,317.6,0,OFF,AM,SQL Approach 3,OFF,100.0 Hz,023,RX Normal TX Normal,1600 Hz,HIGH,OFF,100.0KHz,0,0,OFF,OFF,OFF,0,0,0,0,1,0,0,0,0,0,0,0,0,0,0,0,0,0,0,0,0,0,0,0,0,0,,1,
222,0,338.2,338.2,0,OFF,NFM,SQL Approach 4,OFF,100.0 Hz,023,RX Normal TX Normal,1600 Hz,HIGH,OFF,12.5KHz,0,0,OFF,OFF,OFF,0,0,0,0,1,0,0,0,0,0,0,0,0,0,0,0,0,0,0,0,0,0,0,0,0,0,,1,
223,0,125.9,125.9,0,OFF,AM,SQL ATIS,OFF,100.0 Hz,023,RX Normal TX Normal,1600 Hz,HIGH,SKIP,25.0KHz,0,0,OFF,OFF,OFF,0,0,0,0,1,0,0,0,0,0,0,0,0,0,0,0,0,0,0,0,0,0,0,0,0,0,,1,
224,0,121.6,121.6,0,OFF,AM,SQL Ground,OFF,100.0 Hz,023,RX Normal TX Normal,1600 Hz,HIGH,OFF,25.0KHz,0,0,OFF,OFF,OFF,0,0,0,0,1,0,0,0,0,0,0,0,0,0,0,0,0,0,0,0,0,0,0,0,0,0,,1,
225,0,326.2,326.2,0,OFF,AM,SQL Tower UHF,OFF,100.0 Hz,023,RX Normal TX Normal,1600 Hz,HIGH,OFF,100.0KHz,0,0,OFF,OFF,OFF,0,0,0,0,1,0,0,0,0,0,0,0,0,0,0,0,0,0,0,0,0,0,0,0,0,0,,1,
226,0,119,119,0,OFF,AM,SQL Tower VHF,OFF,100.0 Hz,023,RX Normal TX Normal,1600 Hz,HIGH,OFF,25.0KHz,0,0,OFF,OFF,OFF,0,0,0,0,1,0,0,0,0,0,0,0,0,0,0,0,0,0,0,0,0,0,0,0,0,0,,1,
227,0,464.7375,464.7375,0,OFF,NFM,Stanford U PD 1,OFF,100.0 Hz,023,RX Normal TX Normal,1600 Hz,HIGH,OFF,12.5KHz,0,0,OFF,OFF,OFF,0,0,0,0,0,0,1,0,0,0,0,0,0,0,0,0,0,0,0,0,0,0,0,0,0,0,,1,
228,0,484.5125,484.5125,0,OFF,NFM,Stanford U PD 1,OFF,100.0 Hz,023,RX Normal TX Normal,1600 Hz,HIGH,OFF,12.5KHz,0,0,OFF,OFF,OFF,0,0,0,0,0,0,1,0,0,0,0,0,0,0,0,0,0,0,0,0,0,0,0,0,0,0,,1,
229,0,489.0375,489.0375,0,OFF,NFM,VTA Admin Sec,OFF,100.0 Hz,023,RX Normal TX Normal,1600 Hz,HIGH,SKIP,12.5KHz,0,0,OFF,OFF,OFF,0,0,0,0,0,1,0,0,0,0,0,0,0,0,0,0,0,0,0,0,0,0,0,0,0,0,,1,
230,0,488.8375,488.8375,0,OFF,NFM,VTA Bus 1,OFF,100.0 Hz,023,RX Normal TX Normal,1600 Hz,HIGH,OFF,12.5KHz,0,0,OFF,OFF,OFF,0,0,0,0,0,1,0,0,0,0,0,0,0,0,0,0,0,0,0,0,0,0,0,0,0,0,,1,
231,0,488.7375,488.7375,0,OFF,NFM,VTA Bus 2,OFF,100.0 Hz,023,RX Normal TX Normal,1600 Hz,HIGH,OFF,12.5KHz,0,0,OFF,OFF,OFF,0,0,0,0,0,1,0,0,0,0,0,0,0,0,0,0,0,0,0,0,0,0,0,0,0,0,,1,
232,0,488.6375,488.6375,0,OFF,NFM,VTA Light Rail,OFF,100.0 Hz,023,RX Normal TX Normal,1600 Hz,HIGH,OFF,12.5KHz,0,0,OFF,OFF,OFF,0,0,0,0,0,1,0,0,0,0,0,0,0,0,0,0,0,0,0,0,0,0,0,0,0,0,,1,
233,0,482.5875,482.5875,0,OFF,NFM,VTA Transit Sec,OFF,100.0 Hz,023,RX Normal TX Normal,1600 Hz,HIGH,OFF,12.5KHz,0,0,OFF,OFF,OFF,0,0,0,0,0,1,0,0,0,0,0,0,0,0,0,0,0,0,0,0,0,0,0,0,0,0,,1,
234,0,441.6125,446.61250,5,+RPT,NFM,W6CBS,TONE,100.0 Hz,023,RX Normal TX Normal,1600 Hz,HIGH,OFF,12.5KHz,0,0,OFF,OFF,OFF,0,0,1,0,0,0,0,0,0,0,0,0,0,0,0,0,0,0,0,0,0,0,0,0,0,0,,1,
235,0,147.24,147.84000,0.6,+RPT,NFM,W6RGG R Alameda,TONE,107.2 Hz,023,RX Normal TX Normal,1600 Hz,HIGH,OFF,5.0KHz,0,0,OFF,OFF,OFF,0,0,1,0,0,0,0,0,0,0,0,0,0,0,0,0,0,0,0,0,0,0,0,0,0,0,,1,
236,0,145.45,144.85000,0.6,-RPT,NFM,W7DRC Utah,TONE,100.0 Hz,023,RX Normal TX Normal,1600 Hz,HIGH,OFF,5.0KHz,0,0,OFF,OFF,OFF,0,0,0,0,0,0,0,0,1,0,0,0,0,0,0,0,0,0,0,0,0,0,0,0,0,0,,1,
237,0,146.88,146.28000,0.6,-RPT,NFM,W7NRC Utah,OFF,100.0 Hz,023,RX Normal TX Normal,1600 Hz,HIGH,OFF,5.0KHz,0,0,OFF,OFF,OFF,0,0,0,0,0,0,0,0,1,0,0,0,0,0,0,0,0,0,0,0,0,0,0,0,0,0,,1,
238,0,441.075,446.07500,5,+RPT,NFM,WA6TOW A/R UHF,TONE,114.8 Hz,023,RX Normal TX Normal,1600 Hz,HIGH,OFF,25.0KHz,0,0,OFF,OFF,OFF,0,0,1,0,0,0,0,0,0,0,0,0,0,0,0,0,0,0,0,0,0,0,0,0,0,0,,1,
239,0,146.925,146.32500,0.6,-RPT,NFM,WA6TOW A/R VHF,TONE,114.8 Hz,023,RX Normal TX Normal,1600 Hz,HIGH,OFF,5.0KHz,0,0,OFF,OFF,OFF,0,0,1,0,0,0,0,0,0,0,0,0,0,0,0,0,0,0,0,0,0,0,0,0,0,0,,1,
240,0,146.085,146.68500,0.6,+RPT,NFM,WB5NVN,TONE,100.0 Hz,023,RX Normal TX Normal,1600 Hz,HIGH,OFF,5.0KHz,0,0,OFF,OFF,OFF,0,0,1,0,0,0,0,0,0,0,0,0,0,0,0,0,0,0,0,0,0,0,0,0,0,0,,1,
241,0,147.09,147.69000,0.6,+RPT,NFM,WB6CKT ARES,TONE,100.0 Hz,023,RX Normal TX Normal,1600 Hz,HIGH,OFF,5.0KHz,0,0,OFF,OFF,OFF,0,0,1,0,0,0,0,0,0,0,0,0,0,0,0,0,0,0,0,0,0,0,0,0,0,0,,1,
242,0,441.3,446.30000,5,+RPT,NFM,WB6ECE Woodside,TONE,123.0 Hz,023,RX Normal TX Normal,1600 Hz,HIGH,OFF,25.0KHz,0,0,OFF,OFF,OFF,0,0,1,0,0,0,0,0,0,0,0,0,0,0,0,0,0,0,0,0,0,0,0,0,0,0,,1,
243,0,147.32,147.92000,0.6,+RPT,NFM,WB6JAA AZ GC,OFF,100.0 Hz,023,RX Normal TX Normal,1600 Hz,HIGH,OFF,5.0KHz,0,0,OFF,OFF,OFF,0,0,0,0,0,0,0,0,1,0,0,0,0,0,0,0,0,0,0,0,0,0,0,0,0,0,,1,
244,0,441.4,446.40000,5,+RPT,NFM,WD6GGW RedwoodCi,TONE,114.8 Hz,023,RX Normal TX Normal,1600 Hz,HIGH,OFF,25.0KHz,0,0,OFF,OFF,OFF,0,0,1,0,0,0,0,0,0,0,0,0,0,0,0,0,0,0,0,0,0,0,0,0,0,0,,1,
245,0,147.36,147.96000,0.6,+RPT,NFM,WI7M Utah,OFF,100.0 Hz,023,RX Normal TX Normal,1600 Hz,HIGH,OFF,5.0KHz,0,0,OFF,OFF,OFF,0,0,0,0,0,0,0,0,1,0,0,0,0,0,0,0,0,0,0,0,0,0,0,0,0,0,,1,
246,0,448.075,443.07500,5,-RPT,NFM,WN9ANF Vegas,TONE,127.3 Hz,023,RX Normal TX Normal,1600 Hz,HIGH,OFF,25.0KHz,0,0,OFF,OFF,OFF,0,0,0,0,0,0,0,1,0,0,0,0,0,0,0,0,0,0,0,0,0,0,0,0,0,0,,1,
247,0,146.64,146.04000,0.6,-RPT,NFM,WR6ABD SanJose,TONE,162.2 Hz,023,RX Normal TX Normal,1600 Hz,HIGH,OFF,5.0KHz,0,0,OFF,OFF,OFF,0,0,1,0,0,0,0,0,0,0,0,0,0,0,0,0,0,0,0,0,0,0,0,0,0,0,,1,
248,0,51.82,51.32000,0.5,-RPT,NFM,WR6VHF SanMateo,TONE,123.0 Hz,023,RX Normal TX Normal,1600 Hz,HIGH,OFF,5.0KHz,0,0,OFF,OFF,OFF,0,0,1,0,0,0,0,0,0,0,0,0,0,0,0,0,0,0,0,0,0,0,0,0,0,0,,1,
249,0,,,,,,,,,,,,,,,1,0,,,,0,0,0,0,0,0,0,0,0,0,0,0,0,0,0,0,0,0,0,0,0,0,0,0,0,0,,1,
250,0,,,,,,,,,,,,,,,1,0,,,,0,0,0,0,0,0,0,0,0,0,0,0,0,0,0,0,0,0,0,0,0,0,0,0,0,0,,1,
251,0,,,,,,,,,,,,,,,1,0,,,,0,0,0,0,0,0,0,0,0,0,0,0,0,0,0,0,0,0,0,0,0,0,0,0,0,0,,1,
252,0,,,,,,,,,,,,,,,1,0,,,,0,0,0,0,0,0,0,0,0,0,0,0,0,0,0,0,0,0,0,0,0,0,0,0,0,0,,1,
253,0,,,,,,,,,,,,,,,1,0,,,,0,0,0,0,0,0,0,0,0,0,0,0,0,0,0,0,0,0,0,0,0,0,0,0,0,0,,1,
254,0,,,,,,,,,,,,,,,1,0,,,,0,0,0,0,0,0,0,0,0,0,0,0,0,0,0,0,0,0,0,0,0,0,0,0,0,0,,1,
255,0,,,,,,,,,,,,,,,1,0,,,,0,0,0,0,0,0,0,0,0,0,0,0,0,0,0,0,0,0,0,0,0,0,0,0,0,0,,1,
256,0,,,,,,,,,,,,,,,1,0,,,,0,0,0,0,0,0,0,0,0,0,0,0,0,0,0,0,0,0,0,0,0,0,0,0,0,0,,1,
257,0,,,,,,,,,,,,,,,1,0,,,,0,0,0,0,0,0,0,0,0,0,0,0,0,0,0,0,0,0,0,0,0,0,0,0,0,0,,1,
258,0,,,,,,,,,,,,,,,1,0,,,,0,0,0,0,0,0,0,0,0,0,0,0,0,0,0,0,0,0,0,0,0,0,0,0,0,0,,1,
259,0,,,,,,,,,,,,,,,1,0,,,,0,0,0,0,0,0,0,0,0,0,0,0,0,0,0,0,0,0,0,0,0,0,0,0,0,0,,1,
260,0,,,,,,,,,,,,,,,1,0,,,,0,0,0,0,0,0,0,0,0,0,0,0,0,0,0,0,0,0,0,0,0,0,0,0,0,0,,1,
261,0,,,,,,,,,,,,,,,1,0,,,,0,0,0,0,0,0,0,0,0,0,0,0,0,0,0,0,0,0,0,0,0,0,0,0,0,0,,1,
262,0,,,,,,,,,,,,,,,1,0,,,,0,0,0,0,0,0,0,0,0,0,0,0,0,0,0,0,0,0,0,0,0,0,0,0,0,0,,1,
263,0,,,,,,,,,,,,,,,1,0,,,,0,0,0,0,0,0,0,0,0,0,0,0,0,0,0,0,0,0,0,0,0,0,0,0,0,0,,1,
264,0,,,,,,,,,,,,,,,1,0,,,,0,0,0,0,0,0,0,0,0,0,0,0,0,0,0,0,0,0,0,0,0,0,0,0,0,0,,1,
265,0,,,,,,,,,,,,,,,1,0,,,,0,0,0,0,0,0,0,0,0,0,0,0,0,0,0,0,0,0,0,0,0,0,0,0,0,0,,1,
266,0,,,,,,,,,,,,,,,1,0,,,,0,0,0,0,0,0,0,0,0,0,0,0,0,0,0,0,0,0,0,0,0,0,0,0,0,0,,1,
267,0,,,,,,,,,,,,,,,1,0,,,,0,0,0,0,0,0,0,0,0,0,0,0,0,0,0,0,0,0,0,0,0,0,0,0,0,0,,1,
268,0,,,,,,,,,,,,,,,1,0,,,,0,0,0,0,0,0,0,0,0,0,0,0,0,0,0,0,0,0,0,0,0,0,0,0,0,0,,1,
269,0,,,,,,,,,,,,,,,1,0,,,,0,0,0,0,0,0,0,0,0,0,0,0,0,0,0,0,0,0,0,0,0,0,0,0,0,0,,1,
270,0,,,,,,,,,,,,,,,1,0,,,,0,0,0,0,0,0,0,0,0,0,0,0,0,0,0,0,0,0,0,0,0,0,0,0,0,0,,1,
271,0,,,,,,,,,,,,,,,1,0,,,,0,0,0,0,0,0,0,0,0,0,0,0,0,0,0,0,0,0,0,0,0,0,0,0,0,0,,1,
272,0,,,,,,,,,,,,,,,1,0,,,,0,0,0,0,0,0,0,0,0,0,0,0,0,0,0,0,0,0,0,0,0,0,0,0,0,0,,1,
273,0,,,,,,,,,,,,,,,1,0,,,,0,0,0,0,0,0,0,0,0,0,0,0,0,0,0,0,0,0,0,0,0,0,0,0,0,0,,1,
274,0,,,,,,,,,,,,,,,1,0,,,,0,0,0,0,0,0,0,0,0,0,0,0,0,0,0,0,0,0,0,0,0,0,0,0,0,0,,1,
275,0,,,,,,,,,,,,,,,1,0,,,,0,0,0,0,0,0,0,0,0,0,0,0,0,0,0,0,0,0,0,0,0,0,0,0,0,0,,1,
276,0,,,,,,,,,,,,,,,1,0,,,,0,0,0,0,0,0,0,0,0,0,0,0,0,0,0,0,0,0,0,0,0,0,0,0,0,0,,1,
277,0,,,,,,,,,,,,,,,1,0,,,,0,0,0,0,0,0,0,0,0,0,0,0,0,0,0,0,0,0,0,0,0,0,0,0,0,0,,1,
278,0,,,,,,,,,,,,,,,1,0,,,,0,0,0,0,0,0,0,0,0,0,0,0,0,0,0,0,0,0,0,0,0,0,0,0,0,0,,1,
279,0,,,,,,,,,,,,,,,1,0,,,,0,0,0,0,0,0,0,0,0,0,0,0,0,0,0,0,0,0,0,0,0,0,0,0,0,0,,1,
280,0,,,,,,,,,,,,,,,1,0,,,,0,0,0,0,0,0,0,0,0,0,0,0,0,0,0,0,0,0,0,0,0,0,0,0,0,0,,1,
281,0,,,,,,,,,,,,,,,1,0,,,,0,0,0,0,0,0,0,0,0,0,0,0,0,0,0,0,0,0,0,0,0,0,0,0,0,0,,1,
282,0,,,,,,,,,,,,,,,1,0,,,,0,0,0,0,0,0,0,0,0,0,0,0,0,0,0,0,0,0,0,0,0,0,0,0,0,0,,1,
283,0,,,,,,,,,,,,,,,1,0,,,,0,0,0,0,0,0,0,0,0,0,0,0,0,0,0,0,0,0,0,0,0,0,0,0,0,0,,1,
284,0,,,,,,,,,,,,,,,1,0,,,,0,0,0,0,0,0,0,0,0,0,0,0,0,0,0,0,0,0,0,0,0,0,0,0,0,0,,1,
285,0,,,,,,,,,,,,,,,1,0,,,,0,0,0,0,0,0,0,0,0,0,0,0,0,0,0,0,0,0,0,0,0,0,0,0,0,0,,1,
286,0,,,,,,,,,,,,,,,1,0,,,,0,0,0,0,0,0,0,0,0,0,0,0,0,0,0,0,0,0,0,0,0,0,0,0,0,0,,1,
287,0,,,,,,,,,,,,,,,1,0,,,,0,0,0,0,0,0,0,0,0,0,0,0,0,0,0,0,0,0,0,0,0,0,0,0,0,0,,1,
288,0,,,,,,,,,,,,,,,1,0,,,,0,0,0,0,0,0,0,0,0,0,0,0,0,0,0,0,0,0,0,0,0,0,0,0,0,0,,1,
289,0,,,,,,,,,,,,,,,1,0,,,,0,0,0,0,0,0,0,0,0,0,0,0,0,0,0,0,0,0,0,0,0,0,0,0,0,0,,1,
290,0,,,,,,,,,,,,,,,1,0,,,,0,0,0,0,0,0,0,0,0,0,0,0,0,0,0,0,0,0,0,0,0,0,0,0,0,0,,1,
291,0,,,,,,,,,,,,,,,1,0,,,,0,0,0,0,0,0,0,0,0,0,0,0,0,0,0,0,0,0,0,0,0,0,0,0,0,0,,1,
292,0,,,,,,,,,,,,,,,1,0,,,,0,0,0,0,0,0,0,0,0,0,0,0,0,0,0,0,0,0,0,0,0,0,0,0,0,0,,1,
293,0,,,,,,,,,,,,,,,1,0,,,,0,0,0,0,0,0,0,0,0,0,0,0,0,0,0,0,0,0,0,0,0,0,0,0,0,0,,1,
294,0,,,,,,,,,,,,,,,1,0,,,,0,0,0,0,0,0,0,0,0,0,0,0,0,0,0,0,0,0,0,0,0,0,0,0,0,0,,1,
295,0,,,,,,,,,,,,,,,1,0,,,,0,0,0,0,0,0,0,0,0,0,0,0,0,0,0,0,0,0,0,0,0,0,0,0,0,0,,1,
296,0,,,,,,,,,,,,,,,1,0,,,,0,0,0,0,0,0,0,0,0,0,0,0,0,0,0,0,0,0,0,0,0,0,0,0,0,0,,1,
297,0,,,,,,,,,,,,,,,1,0,,,,0,0,0,0,0,0,0,0,0,0,0,0,0,0,0,0,0,0,0,0,0,0,0,0,0,0,,1,
298,0,,,,,,,,,,,,,,,1,0,,,,0,0,0,0,0,0,0,0,0,0,0,0,0,0,0,0,0,0,0,0,0,0,0,0,0,0,,1,
299,0,,,,,,,,,,,,,,,1,0,,,,0,0,0,0,0,0,0,0,0,0,0,0,0,0,0,0,0,0,0,0,0,0,0,0,0,0,,1,
300,0,,,,,,,,,,,,,,,1,0,,,,0,0,0,0,0,0,0,0,0,0,0,0,0,0,0,0,0,0,0,0,0,0,0,0,0,0,,1,
301,0,,,,,,,,,,,,,,,1,0,,,,0,0,0,0,0,0,0,0,0,0,0,0,0,0,0,0,0,0,0,0,0,0,0,0,0,0,,1,
302,0,,,,,,,,,,,,,,,1,0,,,,0,0,0,0,0,0,0,0,0,0,0,0,0,0,0,0,0,0,0,0,0,0,0,0,0,0,,1,
303,0,,,,,,,,,,,,,,,1,0,,,,0,0,0,0,0,0,0,0,0,0,0,0,0,0,0,0,0,0,0,0,0,0,0,0,0,0,,1,
304,0,,,,,,,,,,,,,,,1,0,,,,0,0,0,0,0,0,0,0,0,0,0,0,0,0,0,0,0,0,0,0,0,0,0,0,0,0,,1,
305,0,,,,,,,,,,,,,,,1,0,,,,0,0,0,0,0,0,0,0,0,0,0,0,0,0,0,0,0,0,0,0,0,0,0,0,0,0,,1,
306,0,,,,,,,,,,,,,,,1,0,,,,0,0,0,0,0,0,0,0,0,0,0,0,0,0,0,0,0,0,0,0,0,0,0,0,0,0,,1,
307,0,,,,,,,,,,,,,,,1,0,,,,0,0,0,0,0,0,0,0,0,0,0,0,0,0,0,0,0,0,0,0,0,0,0,0,0,0,,1,
308,0,,,,,,,,,,,,,,,1,0,,,,0,0,0,0,0,0,0,0,0,0,0,0,0,0,0,0,0,0,0,0,0,0,0,0,0,0,,1,
309,0,,,,,,,,,,,,,,,1,0,,,,0,0,0,0,0,0,0,0,0,0,0,0,0,0,0,0,0,0,0,0,0,0,0,0,0,0,,1,
310,0,,,,,,,,,,,,,,,1,0,,,,0,0,0,0,0,0,0,0,0,0,0,0,0,0,0,0,0,0,0,0,0,0,0,0,0,0,,1,
311,0,,,,,,,,,,,,,,,1,0,,,,0,0,0,0,0,0,0,0,0,0,0,0,0,0,0,0,0,0,0,0,0,0,0,0,0,0,,1,
312,0,,,,,,,,,,,,,,,1,0,,,,0,0,0,0,0,0,0,0,0,0,0,0,0,0,0,0,0,0,0,0,0,0,0,0,0,0,,1,
313,0,,,,,,,,,,,,,,,1,0,,,,0,0,0,0,0,0,0,0,0,0,0,0,0,0,0,0,0,0,0,0,0,0,0,0,0,0,,1,
314,0,,,,,,,,,,,,,,,1,0,,,,0,0,0,0,0,0,0,0,0,0,0,0,0,0,0,0,0,0,0,0,0,0,0,0,0,0,,1,
315,0,,,,,,,,,,,,,,,1,0,,,,0,0,0,0,0,0,0,0,0,0,0,0,0,0,0,0,0,0,0,0,0,0,0,0,0,0,,1,
316,0,,,,,,,,,,,,,,,1,0,,,,0,0,0,0,0,0,0,0,0,0,0,0,0,0,0,0,0,0,0,0,0,0,0,0,0,0,,1,
317,0,,,,,,,,,,,,,,,1,0,,,,0,0,0,0,0,0,0,0,0,0,0,0,0,0,0,0,0,0,0,0,0,0,0,0,0,0,,1,
318,0,,,,,,,,,,,,,,,1,0,,,,0,0,0,0,0,0,0,0,0,0,0,0,0,0,0,0,0,0,0,0,0,0,0,0,0,0,,1,
319,0,,,,,,,,,,,,,,,1,0,,,,0,0,0,0,0,0,0,0,0,0,0,0,0,0,0,0,0,0,0,0,0,0,0,0,0,0,,1,
320,0,,,,,,,,,,,,,,,1,0,,,,0,0,0,0,0,0,0,0,0,0,0,0,0,0,0,0,0,0,0,0,0,0,0,0,0,0,,1,
321,0,,,,,,,,,,,,,,,1,0,,,,0,0,0,0,0,0,0,0,0,0,0,0,0,0,0,0,0,0,0,0,0,0,0,0,0,0,,1,
322,0,,,,,,,,,,,,,,,1,0,,,,0,0,0,0,0,0,0,0,0,0,0,0,0,0,0,0,0,0,0,0,0,0,0,0,0,0,,1,
323,0,,,,,,,,,,,,,,,1,0,,,,0,0,0,0,0,0,0,0,0,0,0,0,0,0,0,0,0,0,0,0,0,0,0,0,0,0,,1,
324,0,,,,,,,,,,,,,,,1,0,,,,0,0,0,0,0,0,0,0,0,0,0,0,0,0,0,0,0,0,0,0,0,0,0,0,0,0,,1,
325,0,,,,,,,,,,,,,,,1,0,,,,0,0,0,0,0,0,0,0,0,0,0,0,0,0,0,0,0,0,0,0,0,0,0,0,0,0,,1,
326,0,,,,,,,,,,,,,,,1,0,,,,0,0,0,0,0,0,0,0,0,0,0,0,0,0,0,0,0,0,0,0,0,0,0,0,0,0,,1,
327,0,,,,,,,,,,,,,,,1,0,,,,0,0,0,0,0,0,0,0,0,0,0,0,0,0,0,0,0,0,0,0,0,0,0,0,0,0,,1,
328,0,,,,,,,,,,,,,,,1,0,,,,0,0,0,0,0,0,0,0,0,0,0,0,0,0,0,0,0,0,0,0,0,0,0,0,0,0,,1,
329,0,,,,,,,,,,,,,,,1,0,,,,0,0,0,0,0,0,0,0,0,0,0,0,0,0,0,0,0,0,0,0,0,0,0,0,0,0,,1,
330,0,,,,,,,,,,,,,,,1,0,,,,0,0,0,0,0,0,0,0,0,0,0,0,0,0,0,0,0,0,0,0,0,0,0,0,0,0,,1,
331,0,,,,,,,,,,,,,,,1,0,,,,0,0,0,0,0,0,0,0,0,0,0,0,0,0,0,0,0,0,0,0,0,0,0,0,0,0,,1,
332,0,,,,,,,,,,,,,,,1,0,,,,0,0,0,0,0,0,0,0,0,0,0,0,0,0,0,0,0,0,0,0,0,0,0,0,0,0,,1,
333,0,,,,,,,,,,,,,,,1,0,,,,0,0,0,0,0,0,0,0,0,0,0,0,0,0,0,0,0,0,0,0,0,0,0,0,0,0,,1,
334,0,,,,,,,,,,,,,,,1,0,,,,0,0,0,0,0,0,0,0,0,0,0,0,0,0,0,0,0,0,0,0,0,0,0,0,0,0,,1,
335,0,,,,,,,,,,,,,,,1,0,,,,0,0,0,0,0,0,0,0,0,0,0,0,0,0,0,0,0,0,0,0,0,0,0,0,0,0,,1,
336,0,,,,,,,,,,,,,,,1,0,,,,0,0,0,0,0,0,0,0,0,0,0,0,0,0,0,0,0,0,0,0,0,0,0,0,0,0,,1,
337,0,,,,,,,,,,,,,,,1,0,,,,0,0,0,0,0,0,0,0,0,0,0,0,0,0,0,0,0,0,0,0,0,0,0,0,0,0,,1,
338,0,,,,,,,,,,,,,,,1,0,,,,0,0,0,0,0,0,0,0,0,0,0,0,0,0,0,0,0,0,0,0,0,0,0,0,0,0,,1,
339,0,,,,,,,,,,,,,,,1,0,,,,0,0,0,0,0,0,0,0,0,0,0,0,0,0,0,0,0,0,0,0,0,0,0,0,0,0,,1,
340,0,,,,,,,,,,,,,,,1,0,,,,0,0,0,0,0,0,0,0,0,0,0,0,0,0,0,0,0,0,0,0,0,0,0,0,0,0,,1,
341,0,,,,,,,,,,,,,,,1,0,,,,0,0,0,0,0,0,0,0,0,0,0,0,0,0,0,0,0,0,0,0,0,0,0,0,0,0,,1,
342,0,,,,,,,,,,,,,,,1,0,,,,0,0,0,0,0,0,0,0,0,0,0,0,0,0,0,0,0,0,0,0,0,0,0,0,0,0,,1,
343,0,,,,,,,,,,,,,,,1,0,,,,0,0,0,0,0,0,0,0,0,0,0,0,0,0,0,0,0,0,0,0,0,0,0,0,0,0,,1,
344,0,,,,,,,,,,,,,,,1,0,,,,0,0,0,0,0,0,0,0,0,0,0,0,0,0,0,0,0,0,0,0,0,0,0,0,0,0,,1,
345,0,,,,,,,,,,,,,,,1,0,,,,0,0,0,0,0,0,0,0,0,0,0,0,0,0,0,0,0,0,0,0,0,0,0,0,0,0,,1,
346,0,,,,,,,,,,,,,,,1,0,,,,0,0,0,0,0,0,0,0,0,0,0,0,0,0,0,0,0,0,0,0,0,0,0,0,0,0,,1,
347,0,,,,,,,,,,,,,,,1,0,,,,0,0,0,0,0,0,0,0,0,0,0,0,0,0,0,0,0,0,0,0,0,0,0,0,0,0,,1,
348,0,,,,,,,,,,,,,,,1,0,,,,0,0,0,0,0,0,0,0,0,0,0,0,0,0,0,0,0,0,0,0,0,0,0,0,0,0,,1,
349,0,,,,,,,,,,,,,,,1,0,,,,0,0,0,0,0,0,0,0,0,0,0,0,0,0,0,0,0,0,0,0,0,0,0,0,0,0,,1,
350,0,,,,,,,,,,,,,,,1,0,,,,0,0,0,0,0,0,0,0,0,0,0,0,0,0,0,0,0,0,0,0,0,0,0,0,0,0,,1,
351,0,,,,,,,,,,,,,,,1,0,,,,0,0,0,0,0,0,0,0,0,0,0,0,0,0,0,0,0,0,0,0,0,0,0,0,0,0,,1,
352,0,,,,,,,,,,,,,,,1,0,,,,0,0,0,0,0,0,0,0,0,0,0,0,0,0,0,0,0,0,0,0,0,0,0,0,0,0,,1,
353,0,,,,,,,,,,,,,,,1,0,,,,0,0,0,0,0,0,0,0,0,0,0,0,0,0,0,0,0,0,0,0,0,0,0,0,0,0,,1,
354,0,,,,,,,,,,,,,,,1,0,,,,0,0,0,0,0,0,0,0,0,0,0,0,0,0,0,0,0,0,0,0,0,0,0,0,0,0,,1,
355,0,,,,,,,,,,,,,,,1,0,,,,0,0,0,0,0,0,0,0,0,0,0,0,0,0,0,0,0,0,0,0,0,0,0,0,0,0,,1,
356,0,,,,,,,,,,,,,,,1,0,,,,0,0,0,0,0,0,0,0,0,0,0,0,0,0,0,0,0,0,0,0,0,0,0,0,0,0,,1,
357,0,,,,,,,,,,,,,,,1,0,,,,0,0,0,0,0,0,0,0,0,0,0,0,0,0,0,0,0,0,0,0,0,0,0,0,0,0,,1,
358,0,,,,,,,,,,,,,,,1,0,,,,0,0,0,0,0,0,0,0,0,0,0,0,0,0,0,0,0,0,0,0,0,0,0,0,0,0,,1,
359,0,,,,,,,,,,,,,,,1,0,,,,0,0,0,0,0,0,0,0,0,0,0,0,0,0,0,0,0,0,0,0,0,0,0,0,0,0,,1,
360,0,,,,,,,,,,,,,,,1,0,,,,0,0,0,0,0,0,0,0,0,0,0,0,0,0,0,0,0,0,0,0,0,0,0,0,0,0,,1,
361,0,,,,,,,,,,,,,,,1,0,,,,0,0,0,0,0,0,0,0,0,0,0,0,0,0,0,0,0,0,0,0,0,0,0,0,0,0,,1,
362,0,,,,,,,,,,,,,,,1,0,,,,0,0,0,0,0,0,0,0,0,0,0,0,0,0,0,0,0,0,0,0,0,0,0,0,0,0,,1,
363,0,,,,,,,,,,,,,,,1,0,,,,0,0,0,0,0,0,0,0,0,0,0,0,0,0,0,0,0,0,0,0,0,0,0,0,0,0,,1,
364,0,,,,,,,,,,,,,,,1,0,,,,0,0,0,0,0,0,0,0,0,0,0,0,0,0,0,0,0,0,0,0,0,0,0,0,0,0,,1,
365,0,,,,,,,,,,,,,,,1,0,,,,0,0,0,0,0,0,0,0,0,0,0,0,0,0,0,0,0,0,0,0,0,0,0,0,0,0,,1,
366,0,,,,,,,,,,,,,,,1,0,,,,0,0,0,0,0,0,0,0,0,0,0,0,0,0,0,0,0,0,0,0,0,0,0,0,0,0,,1,
367,0,,,,,,,,,,,,,,,1,0,,,,0,0,0,0,0,0,0,0,0,0,0,0,0,0,0,0,0,0,0,0,0,0,0,0,0,0,,1,
368,0,,,,,,,,,,,,,,,1,0,,,,0,0,0,0,0,0,0,0,0,0,0,0,0,0,0,0,0,0,0,0,0,0,0,0,0,0,,1,
369,0,,,,,,,,,,,,,,,1,0,,,,0,0,0,0,0,0,0,0,0,0,0,0,0,0,0,0,0,0,0,0,0,0,0,0,0,0,,1,
370,0,,,,,,,,,,,,,,,1,0,,,,0,0,0,0,0,0,0,0,0,0,0,0,0,0,0,0,0,0,0,0,0,0,0,0,0,0,,1,
371,0,,,,,,,,,,,,,,,1,0,,,,0,0,0,0,0,0,0,0,0,0,0,0,0,0,0,0,0,0,0,0,0,0,0,0,0,0,,1,
372,0,,,,,,,,,,,,,,,1,0,,,,0,0,0,0,0,0,0,0,0,0,0,0,0,0,0,0,0,0,0,0,0,0,0,0,0,0,,1,
373,0,,,,,,,,,,,,,,,1,0,,,,0,0,0,0,0,0,0,0,0,0,0,0,0,0,0,0,0,0,0,0,0,0,0,0,0,0,,1,
374,0,,,,,,,,,,,,,,,1,0,,,,0,0,0,0,0,0,0,0,0,0,0,0,0,0,0,0,0,0,0,0,0,0,0,0,0,0,,1,
375,0,,,,,,,,,,,,,,,1,0,,,,0,0,0,0,0,0,0,0,0,0,0,0,0,0,0,0,0,0,0,0,0,0,0,0,0,0,,1,
376,0,,,,,,,,,,,,,,,1,0,,,,0,0,0,0,0,0,0,0,0,0,0,0,0,0,0,0,0,0,0,0,0,0,0,0,0,0,,1,
377,0,,,,,,,,,,,,,,,1,0,,,,0,0,0,0,0,0,0,0,0,0,0,0,0,0,0,0,0,0,0,0,0,0,0,0,0,0,,1,
378,0,,,,,,,,,,,,,,,1,0,,,,0,0,0,0,0,0,0,0,0,0,0,0,0,0,0,0,0,0,0,0,0,0,0,0,0,0,,1,
379,0,,,,,,,,,,,,,,,1,0,,,,0,0,0,0,0,0,0,0,0,0,0,0,0,0,0,0,0,0,0,0,0,0,0,0,0,0,,1,
380,0,,,,,,,,,,,,,,,1,0,,,,0,0,0,0,0,0,0,0,0,0,0,0,0,0,0,0,0,0,0,0,0,0,0,0,0,0,,1,
381,0,,,,,,,,,,,,,,,1,0,,,,0,0,0,0,0,0,0,0,0,0,0,0,0,0,0,0,0,0,0,0,0,0,0,0,0,0,,1,
382,0,,,,,,,,,,,,,,,1,0,,,,0,0,0,0,0,0,0,0,0,0,0,0,0,0,0,0,0,0,0,0,0,0,0,0,0,0,,1,
383,0,,,,,,,,,,,,,,,1,0,,,,0,0,0,0,0,0,0,0,0,0,0,0,0,0,0,0,0,0,0,0,0,0,0,0,0,0,,1,
384,0,,,,,,,,,,,,,,,1,0,,,,0,0,0,0,0,0,0,0,0,0,0,0,0,0,0,0,0,0,0,0,0,0,0,0,0,0,,1,
385,0,,,,,,,,,,,,,,,1,0,,,,0,0,0,0,0,0,0,0,0,0,0,0,0,0,0,0,0,0,0,0,0,0,0,0,0,0,,1,
386,0,,,,,,,,,,,,,,,1,0,,,,0,0,0,0,0,0,0,0,0,0,0,0,0,0,0,0,0,0,0,0,0,0,0,0,0,0,,1,
387,0,,,,,,,,,,,,,,,1,0,,,,0,0,0,0,0,0,0,0,0,0,0,0,0,0,0,0,0,0,0,0,0,0,0,0,0,0,,1,
388,0,,,,,,,,,,,,,,,1,0,,,,0,0,0,0,0,0,0,0,0,0,0,0,0,0,0,0,0,0,0,0,0,0,0,0,0,0,,1,
389,0,,,,,,,,,,,,,,,1,0,,,,0,0,0,0,0,0,0,0,0,0,0,0,0,0,0,0,0,0,0,0,0,0,0,0,0,0,,1,
390,0,,,,,,,,,,,,,,,1,0,,,,0,0,0,0,0,0,0,0,0,0,0,0,0,0,0,0,0,0,0,0,0,0,0,0,0,0,,1,
391,0,,,,,,,,,,,,,,,1,0,,,,0,0,0,0,0,0,0,0,0,0,0,0,0,0,0,0,0,0,0,0,0,0,0,0,0,0,,1,
392,0,,,,,,,,,,,,,,,1,0,,,,0,0,0,0,0,0,0,0,0,0,0,0,0,0,0,0,0,0,0,0,0,0,0,0,0,0,,1,
393,0,,,,,,,,,,,,,,,1,0,,,,0,0,0,0,0,0,0,0,0,0,0,0,0,0,0,0,0,0,0,0,0,0,0,0,0,0,,1,
394,0,,,,,,,,,,,,,,,1,0,,,,0,0,0,0,0,0,0,0,0,0,0,0,0,0,0,0,0,0,0,0,0,0,0,0,0,0,,1,
395,0,,,,,,,,,,,,,,,1,0,,,,0,0,0,0,0,0,0,0,0,0,0,0,0,0,0,0,0,0,0,0,0,0,0,0,0,0,,1,
396,0,,,,,,,,,,,,,,,1,0,,,,0,0,0,0,0,0,0,0,0,0,0,0,0,0,0,0,0,0,0,0,0,0,0,0,0,0,,1,
397,0,,,,,,,,,,,,,,,1,0,,,,0,0,0,0,0,0,0,0,0,0,0,0,0,0,0,0,0,0,0,0,0,0,0,0,0,0,,1,
398,0,,,,,,,,,,,,,,,1,0,,,,0,0,0,0,0,0,0,0,0,0,0,0,0,0,0,0,0,0,0,0,0,0,0,0,0,0,,1,
399,0,,,,,,,,,,,,,,,1,0,,,,0,0,0,0,0,0,0,0,0,0,0,0,0,0,0,0,0,0,0,0,0,0,0,0,0,0,,1,
400,0,,,,,,,,,,,,,,,1,0,,,,0,0,0,0,0,0,0,0,0,0,0,0,0,0,0,0,0,0,0,0,0,0,0,0,0,0,,1,
401,0,,,,,,,,,,,,,,,1,0,,,,0,0,0,0,0,0,0,0,0,0,0,0,0,0,0,0,0,0,0,0,0,0,0,0,0,0,,1,
402,0,,,,,,,,,,,,,,,1,0,,,,0,0,0,0,0,0,0,0,0,0,0,0,0,0,0,0,0,0,0,0,0,0,0,0,0,0,,1,
403,0,,,,,,,,,,,,,,,1,0,,,,0,0,0,0,0,0,0,0,0,0,0,0,0,0,0,0,0,0,0,0,0,0,0,0,0,0,,1,
404,0,,,,,,,,,,,,,,,1,0,,,,0,0,0,0,0,0,0,0,0,0,0,0,0,0,0,0,0,0,0,0,0,0,0,0,0,0,,1,
405,0,,,,,,,,,,,,,,,1,0,,,,0,0,0,0,0,0,0,0,0,0,0,0,0,0,0,0,0,0,0,0,0,0,0,0,0,0,,1,
406,0,,,,,,,,,,,,,,,1,0,,,,0,0,0,0,0,0,0,0,0,0,0,0,0,0,0,0,0,0,0,0,0,0,0,0,0,0,,1,
407,0,,,,,,,,,,,,,,,1,0,,,,0,0,0,0,0,0,0,0,0,0,0,0,0,0,0,0,0,0,0,0,0,0,0,0,0,0,,1,
408,0,,,,,,,,,,,,,,,1,0,,,,0,0,0,0,0,0,0,0,0,0,0,0,0,0,0,0,0,0,0,0,0,0,0,0,0,0,,1,
409,0,,,,,,,,,,,,,,,1,0,,,,0,0,0,0,0,0,0,0,0,0,0,0,0,0,0,0,0,0,0,0,0,0,0,0,0,0,,1,
410,0,,,,,,,,,,,,,,,1,0,,,,0,0,0,0,0,0,0,0,0,0,0,0,0,0,0,0,0,0,0,0,0,0,0,0,0,0,,1,
411,0,,,,,,,,,,,,,,,1,0,,,,0,0,0,0,0,0,0,0,0,0,0,0,0,0,0,0,0,0,0,0,0,0,0,0,0,0,,1,
412,0,,,,,,,,,,,,,,,1,0,,,,0,0,0,0,0,0,0,0,0,0,0,0,0,0,0,0,0,0,0,0,0,0,0,0,0,0,,1,
413,0,,,,,,,,,,,,,,,1,0,,,,0,0,0,0,0,0,0,0,0,0,0,0,0,0,0,0,0,0,0,0,0,0,0,0,0,0,,1,
414,0,,,,,,,,,,,,,,,1,0,,,,0,0,0,0,0,0,0,0,0,0,0,0,0,0,0,0,0,0,0,0,0,0,0,0,0,0,,1,
415,0,,,,,,,,,,,,,,,1,0,,,,0,0,0,0,0,0,0,0,0,0,0,0,0,0,0,0,0,0,0,0,0,0,0,0,0,0,,1,
416,0,,,,,,,,,,,,,,,1,0,,,,0,0,0,0,0,0,0,0,0,0,0,0,0,0,0,0,0,0,0,0,0,0,0,0,0,0,,1,
417,0,,,,,,,,,,,,,,,1,0,,,,0,0,0,0,0,0,0,0,0,0,0,0,0,0,0,0,0,0,0,0,0,0,0,0,0,0,,1,
418,0,,,,,,,,,,,,,,,1,0,,,,0,0,0,0,0,0,0,0,0,0,0,0,0,0,0,0,0,0,0,0,0,0,0,0,0,0,,1,
419,0,,,,,,,,,,,,,,,1,0,,,,0,0,0,0,0,0,0,0,0,0,0,0,0,0,0,0,0,0,0,0,0,0,0,0,0,0,,1,
420,0,,,,,,,,,,,,,,,1,0,,,,0,0,0,0,0,0,0,0,0,0,0,0,0,0,0,0,0,0,0,0,0,0,0,0,0,0,,1,
421,0,,,,,,,,,,,,,,,1,0,,,,0,0,0,0,0,0,0,0,0,0,0,0,0,0,0,0,0,0,0,0,0,0,0,0,0,0,,1,
422,0,,,,,,,,,,,,,,,1,0,,,,0,0,0,0,0,0,0,0,0,0,0,0,0,0,0,0,0,0,0,0,0,0,0,0,0,0,,1,
423,0,,,,,,,,,,,,,,,1,0,,,,0,0,0,0,0,0,0,0,0,0,0,0,0,0,0,0,0,0,0,0,0,0,0,0,0,0,,1,
424,0,,,,,,,,,,,,,,,1,0,,,,0,0,0,0,0,0,0,0,0,0,0,0,0,0,0,0,0,0,0,0,0,0,0,0,0,0,,1,
425,0,,,,,,,,,,,,,,,1,0,,,,0,0,0,0,0,0,0,0,0,0,0,0,0,0,0,0,0,0,0,0,0,0,0,0,0,0,,1,
426,0,,,,,,,,,,,,,,,1,0,,,,0,0,0,0,0,0,0,0,0,0,0,0,0,0,0,0,0,0,0,0,0,0,0,0,0,0,,1,
427,0,,,,,,,,,,,,,,,1,0,,,,0,0,0,0,0,0,0,0,0,0,0,0,0,0,0,0,0,0,0,0,0,0,0,0,0,0,,1,
428,0,,,,,,,,,,,,,,,1,0,,,,0,0,0,0,0,0,0,0,0,0,0,0,0,0,0,0,0,0,0,0,0,0,0,0,0,0,,1,
429,0,,,,,,,,,,,,,,,1,0,,,,0,0,0,0,0,0,0,0,0,0,0,0,0,0,0,0,0,0,0,0,0,0,0,0,0,0,,1,
430,0,,,,,,,,,,,,,,,1,0,,,,0,0,0,0,0,0,0,0,0,0,0,0,0,0,0,0,0,0,0,0,0,0,0,0,0,0,,1,
431,0,,,,,,,,,,,,,,,1,0,,,,0,0,0,0,0,0,0,0,0,0,0,0,0,0,0,0,0,0,0,0,0,0,0,0,0,0,,1,
432,0,,,,,,,,,,,,,,,1,0,,,,0,0,0,0,0,0,0,0,0,0,0,0,0,0,0,0,0,0,0,0,0,0,0,0,0,0,,1,
433,0,,,,,,,,,,,,,,,1,0,,,,0,0,0,0,0,0,0,0,0,0,0,0,0,0,0,0,0,0,0,0,0,0,0,0,0,0,,1,
434,0,,,,,,,,,,,,,,,1,0,,,,0,0,0,0,0,0,0,0,0,0,0,0,0,0,0,0,0,0,0,0,0,0,0,0,0,0,,1,
435,0,,,,,,,,,,,,,,,1,0,,,,0,0,0,0,0,0,0,0,0,0,0,0,0,0,0,0,0,0,0,0,0,0,0,0,0,0,,1,
436,0,,,,,,,,,,,,,,,1,0,,,,0,0,0,0,0,0,0,0,0,0,0,0,0,0,0,0,0,0,0,0,0,0,0,0,0,0,,1,
437,0,,,,,,,,,,,,,,,1,0,,,,0,0,0,0,0,0,0,0,0,0,0,0,0,0,0,0,0,0,0,0,0,0,0,0,0,0,,1,
438,0,,,,,,,,,,,,,,,1,0,,,,0,0,0,0,0,0,0,0,0,0,0,0,0,0,0,0,0,0,0,0,0,0,0,0,0,0,,1,
439,0,,,,,,,,,,,,,,,1,0,,,,0,0,0,0,0,0,0,0,0,0,0,0,0,0,0,0,0,0,0,0,0,0,0,0,0,0,,1,
440,0,,,,,,,,,,,,,,,1,0,,,,0,0,0,0,0,0,0,0,0,0,0,0,0,0,0,0,0,0,0,0,0,0,0,0,0,0,,1,
441,0,,,,,,,,,,,,,,,1,0,,,,0,0,0,0,0,0,0,0,0,0,0,0,0,0,0,0,0,0,0,0,0,0,0,0,0,0,,1,
442,0,,,,,,,,,,,,,,,1,0,,,,0,0,0,0,0,0,0,0,0,0,0,0,0,0,0,0,0,0,0,0,0,0,0,0,0,0,,1,
443,0,,,,,,,,,,,,,,,1,0,,,,0,0,0,0,0,0,0,0,0,0,0,0,0,0,0,0,0,0,0,0,0,0,0,0,0,0,,1,
444,0,,,,,,,,,,,,,,,1,0,,,,0,0,0,0,0,0,0,0,0,0,0,0,0,0,0,0,0,0,0,0,0,0,0,0,0,0,,1,
445,0,,,,,,,,,,,,,,,1,0,,,,0,0,0,0,0,0,0,0,0,0,0,0,0,0,0,0,0,0,0,0,0,0,0,0,0,0,,1,
446,0,,,,,,,,,,,,,,,1,0,,,,0,0,0,0,0,0,0,0,0,0,0,0,0,0,0,0,0,0,0,0,0,0,0,0,0,0,,1,
447,0,,,,,,,,,,,,,,,1,0,,,,0,0,0,0,0,0,0,0,0,0,0,0,0,0,0,0,0,0,0,0,0,0,0,0,0,0,,1,
448,0,,,,,,,,,,,,,,,1,0,,,,0,0,0,0,0,0,0,0,0,0,0,0,0,0,0,0,0,0,0,0,0,0,0,0,0,0,,1,
449,0,,,,,,,,,,,,,,,1,0,,,,0,0,0,0,0,0,0,0,0,0,0,0,0,0,0,0,0,0,0,0,0,0,0,0,0,0,,1,
450,0,,,,,,,,,,,,,,,1,0,,,,0,0,0,0,0,0,0,0,0,0,0,0,0,0,0,0,0,0,0,0,0,0,0,0,0,0,,1,
451,0,,,,,,,,,,,,,,,1,0,,,,0,0,0,0,0,0,0,0,0,0,0,0,0,0,0,0,0,0,0,0,0,0,0,0,0,0,,1,
452,0,,,,,,,,,,,,,,,1,0,,,,0,0,0,0,0,0,0,0,0,0,0,0,0,0,0,0,0,0,0,0,0,0,0,0,0,0,,1,
453,0,,,,,,,,,,,,,,,1,0,,,,0,0,0,0,0,0,0,0,0,0,0,0,0,0,0,0,0,0,0,0,0,0,0,0,0,0,,1,
454,0,,,,,,,,,,,,,,,1,0,,,,0,0,0,0,0,0,0,0,0,0,0,0,0,0,0,0,0,0,0,0,0,0,0,0,0,0,,1,
455,0,,,,,,,,,,,,,,,1,0,,,,0,0,0,0,0,0,0,0,0,0,0,0,0,0,0,0,0,0,0,0,0,0,0,0,0,0,,1,
456,0,,,,,,,,,,,,,,,1,0,,,,0,0,0,0,0,0,0,0,0,0,0,0,0,0,0,0,0,0,0,0,0,0,0,0,0,0,,1,
457,0,,,,,,,,,,,,,,,1,0,,,,0,0,0,0,0,0,0,0,0,0,0,0,0,0,0,0,0,0,0,0,0,0,0,0,0,0,,1,
458,0,,,,,,,,,,,,,,,1,0,,,,0,0,0,0,0,0,0,0,0,0,0,0,0,0,0,0,0,0,0,0,0,0,0,0,0,0,,1,
459,0,,,,,,,,,,,,,,,1,0,,,,0,0,0,0,0,0,0,0,0,0,0,0,0,0,0,0,0,0,0,0,0,0,0,0,0,0,,1,
460,0,,,,,,,,,,,,,,,1,0,,,,0,0,0,0,0,0,0,0,0,0,0,0,0,0,0,0,0,0,0,0,0,0,0,0,0,0,,1,
461,0,,,,,,,,,,,,,,,1,0,,,,0,0,0,0,0,0,0,0,0,0,0,0,0,0,0,0,0,0,0,0,0,0,0,0,0,0,,1,
462,0,,,,,,,,,,,,,,,1,0,,,,0,0,0,0,0,0,0,0,0,0,0,0,0,0,0,0,0,0,0,0,0,0,0,0,0,0,,1,
463,0,,,,,,,,,,,,,,,1,0,,,,0,0,0,0,0,0,0,0,0,0,0,0,0,0,0,0,0,0,0,0,0,0,0,0,0,0,,1,
464,0,,,,,,,,,,,,,,,1,0,,,,0,0,0,0,0,0,0,0,0,0,0,0,0,0,0,0,0,0,0,0,0,0,0,0,0,0,,1,
465,0,,,,,,,,,,,,,,,1,0,,,,0,0,0,0,0,0,0,0,0,0,0,0,0,0,0,0,0,0,0,0,0,0,0,0,0,0,,1,
466,0,,,,,,,,,,,,,,,1,0,,,,0,0,0,0,0,0,0,0,0,0,0,0,0,0,0,0,0,0,0,0,0,0,0,0,0,0,,1,
467,0,,,,,,,,,,,,,,,1,0,,,,0,0,0,0,0,0,0,0,0,0,0,0,0,0,0,0,0,0,0,0,0,0,0,0,0,0,,1,
468,0,,,,,,,,,,,,,,,1,0,,,,0,0,0,0,0,0,0,0,0,0,0,0,0,0,0,0,0,0,0,0,0,0,0,0,0,0,,1,
469,0,,,,,,,,,,,,,,,1,0,,,,0,0,0,0,0,0,0,0,0,0,0,0,0,0,0,0,0,0,0,0,0,0,0,0,0,0,,1,
470,0,,,,,,,,,,,,,,,1,0,,,,0,0,0,0,0,0,0,0,0,0,0,0,0,0,0,0,0,0,0,0,0,0,0,0,0,0,,1,
471,0,,,,,,,,,,,,,,,1,0,,,,0,0,0,0,0,0,0,0,0,0,0,0,0,0,0,0,0,0,0,0,0,0,0,0,0,0,,1,
472,0,,,,,,,,,,,,,,,1,0,,,,0,0,0,0,0,0,0,0,0,0,0,0,0,0,0,0,0,0,0,0,0,0,0,0,0,0,,1,
473,0,,,,,,,,,,,,,,,1,0,,,,0,0,0,0,0,0,0,0,0,0,0,0,0,0,0,0,0,0,0,0,0,0,0,0,0,0,,1,
474,0,,,,,,,,,,,,,,,1,0,,,,0,0,0,0,0,0,0,0,0,0,0,0,0,0,0,0,0,0,0,0,0,0,0,0,0,0,,1,
475,0,,,,,,,,,,,,,,,1,0,,,,0,0,0,0,0,0,0,0,0,0,0,0,0,0,0,0,0,0,0,0,0,0,0,0,0,0,,1,
476,0,,,,,,,,,,,,,,,1,0,,,,0,0,0,0,0,0,0,0,0,0,0,0,0,0,0,0,0,0,0,0,0,0,0,0,0,0,,1,
477,0,,,,,,,,,,,,,,,1,0,,,,0,0,0,0,0,0,0,0,0,0,0,0,0,0,0,0,0,0,0,0,0,0,0,0,0,0,,1,
478,0,,,,,,,,,,,,,,,1,0,,,,0,0,0,0,0,0,0,0,0,0,0,0,0,0,0,0,0,0,0,0,0,0,0,0,0,0,,1,
479,0,,,,,,,,,,,,,,,1,0,,,,0,0,0,0,0,0,0,0,0,0,0,0,0,0,0,0,0,0,0,0,0,0,0,0,0,0,,1,
480,0,,,,,,,,,,,,,,,1,0,,,,0,0,0,0,0,0,0,0,0,0,0,0,0,0,0,0,0,0,0,0,0,0,0,0,0,0,,1,
481,0,,,,,,,,,,,,,,,1,0,,,,0,0,0,0,0,0,0,0,0,0,0,0,0,0,0,0,0,0,0,0,0,0,0,0,0,0,,1,
482,0,,,,,,,,,,,,,,,1,0,,,,0,0,0,0,0,0,0,0,0,0,0,0,0,0,0,0,0,0,0,0,0,0,0,0,0,0,,1,
483,0,,,,,,,,,,,,,,,1,0,,,,0,0,0,0,0,0,0,0,0,0,0,0,0,0,0,0,0,0,0,0,0,0,0,0,0,0,,1,
484,0,,,,,,,,,,,,,,,1,0,,,,0,0,0,0,0,0,0,0,0,0,0,0,0,0,0,0,0,0,0,0,0,0,0,0,0,0,,1,
485,0,,,,,,,,,,,,,,,1,0,,,,0,0,0,0,0,0,0,0,0,0,0,0,0,0,0,0,0,0,0,0,0,0,0,0,0,0,,1,
486,0,,,,,,,,,,,,,,,1,0,,,,0,0,0,0,0,0,0,0,0,0,0,0,0,0,0,0,0,0,0,0,0,0,0,0,0,0,,1,
487,0,,,,,,,,,,,,,,,1,0,,,,0,0,0,0,0,0,0,0,0,0,0,0,0,0,0,0,0,0,0,0,0,0,0,0,0,0,,1,
488,0,,,,,,,,,,,,,,,1,0,,,,0,0,0,0,0,0,0,0,0,0,0,0,0,0,0,0,0,0,0,0,0,0,0,0,0,0,,1,
489,0,,,,,,,,,,,,,,,1,0,,,,0,0,0,0,0,0,0,0,0,0,0,0,0,0,0,0,0,0,0,0,0,0,0,0,0,0,,1,
490,0,,,,,,,,,,,,,,,1,0,,,,0,0,0,0,0,0,0,0,0,0,0,0,0,0,0,0,0,0,0,0,0,0,0,0,0,0,,1,
491,0,,,,,,,,,,,,,,,1,0,,,,0,0,0,0,0,0,0,0,0,0,0,0,0,0,0,0,0,0,0,0,0,0,0,0,0,0,,1,
492,0,,,,,,,,,,,,,,,1,0,,,,0,0,0,0,0,0,0,0,0,0,0,0,0,0,0,0,0,0,0,0,0,0,0,0,0,0,,1,
493,0,,,,,,,,,,,,,,,1,0,,,,0,0,0,0,0,0,0,0,0,0,0,0,0,0,0,0,0,0,0,0,0,0,0,0,0,0,,1,
494,0,,,,,,,,,,,,,,,1,0,,,,0,0,0,0,0,0,0,0,0,0,0,0,0,0,0,0,0,0,0,0,0,0,0,0,0,0,,1,
495,0,,,,,,,,,,,,,,,1,0,,,,0,0,0,0,0,0,0,0,0,0,0,0,0,0,0,0,0,0,0,0,0,0,0,0,0,0,,1,
496,0,,,,,,,,,,,,,,,1,0,,,,0,0,0,0,0,0,0,0,0,0,0,0,0,0,0,0,0,0,0,0,0,0,0,0,0,0,,1,
497,0,,,,,,,,,,,,,,,1,0,,,,0,0,0,0,0,0,0,0,0,0,0,0,0,0,0,0,0,0,0,0,0,0,0,0,0,0,,1,
498,0,,,,,,,,,,,,,,,1,0,,,,0,0,0,0,0,0,0,0,0,0,0,0,0,0,0,0,0,0,0,0,0,0,0,0,0,0,,1,
499,0,,,,,,,,,,,,,,,1,0,,,,0,0,0,0,0,0,0,0,0,0,0,0,0,0,0,0,0,0,0,0,0,0,0,0,0,0,,1,
500,0,,,,,,,,,,,,,,,1,0,,,,0,0,0,0,0,0,0,0,0,0,0,0,0,0,0,0,0,0,0,0,0,0,0,0,0,0,,1,
501,0,,,,,,,,,,,,,,,1,0,,,,0,0,0,0,0,0,0,0,0,0,0,0,0,0,0,0,0,0,0,0,0,0,0,0,0,0,,1,
502,0,,,,,,,,,,,,,,,1,0,,,,0,0,0,0,0,0,0,0,0,0,0,0,0,0,0,0,0,0,0,0,0,0,0,0,0,0,,1,
503,0,,,,,,,,,,,,,,,1,0,,,,0,0,0,0,0,0,0,0,0,0,0,0,0,0,0,0,0,0,0,0,0,0,0,0,0,0,,1,
504,0,,,,,,,,,,,,,,,1,0,,,,0,0,0,0,0,0,0,0,0,0,0,0,0,0,0,0,0,0,0,0,0,0,0,0,0,0,,1,
505,0,,,,,,,,,,,,,,,1,0,,,,0,0,0,0,0,0,0,0,0,0,0,0,0,0,0,0,0,0,0,0,0,0,0,0,0,0,,1,
506,0,,,,,,,,,,,,,,,1,0,,,,0,0,0,0,0,0,0,0,0,0,0,0,0,0,0,0,0,0,0,0,0,0,0,0,0,0,,1,
507,0,,,,,,,,,,,,,,,1,0,,,,0,0,0,0,0,0,0,0,0,0,0,0,0,0,0,0,0,0,0,0,0,0,0,0,0,0,,1,
508,0,,,,,,,,,,,,,,,1,0,,,,0,0,0,0,0,0,0,0,0,0,0,0,0,0,0,0,0,0,0,0,0,0,0,0,0,0,,1,
509,0,,,,,,,,,,,,,,,1,0,,,,0,0,0,0,0,0,0,0,0,0,0,0,0,0,0,0,0,0,0,0,0,0,0,0,0,0,,1,
510,0,,,,,,,,,,,,,,,1,0,,,,0,0,0,0,0,0,0,0,0,0,0,0,0,0,0,0,0,0,0,0,0,0,0,0,0,0,,1,
511,0,,,,,,,,,,,,,,,1,0,,,,0,0,0,0,0,0,0,0,0,0,0,0,0,0,0,0,0,0,0,0,0,0,0,0,0,0,,1,
512,0,,,,,,,,,,,,,,,1,0,,,,0,0,0,0,0,0,0,0,0,0,0,0,0,0,0,0,0,0,0,0,0,0,0,0,0,0,,1,
513,0,,,,,,,,,,,,,,,1,0,,,,0,0,0,0,0,0,0,0,0,0,0,0,0,0,0,0,0,0,0,0,0,0,0,0,0,0,,1,
514,0,,,,,,,,,,,,,,,1,0,,,,0,0,0,0,0,0,0,0,0,0,0,0,0,0,0,0,0,0,0,0,0,0,0,0,0,0,,1,
515,0,,,,,,,,,,,,,,,1,0,,,,0,0,0,0,0,0,0,0,0,0,0,0,0,0,0,0,0,0,0,0,0,0,0,0,0,0,,1,
516,0,,,,,,,,,,,,,,,1,0,,,,0,0,0,0,0,0,0,0,0,0,0,0,0,0,0,0,0,0,0,0,0,0,0,0,0,0,,1,
517,0,,,,,,,,,,,,,,,1,0,,,,0,0,0,0,0,0,0,0,0,0,0,0,0,0,0,0,0,0,0,0,0,0,0,0,0,0,,1,
518,0,,,,,,,,,,,,,,,1,0,,,,0,0,0,0,0,0,0,0,0,0,0,0,0,0,0,0,0,0,0,0,0,0,0,0,0,0,,1,
519,0,,,,,,,,,,,,,,,1,0,,,,0,0,0,0,0,0,0,0,0,0,0,0,0,0,0,0,0,0,0,0,0,0,0,0,0,0,,1,
520,0,,,,,,,,,,,,,,,1,0,,,,0,0,0,0,0,0,0,0,0,0,0,0,0,0,0,0,0,0,0,0,0,0,0,0,0,0,,1,
521,0,,,,,,,,,,,,,,,1,0,,,,0,0,0,0,0,0,0,0,0,0,0,0,0,0,0,0,0,0,0,0,0,0,0,0,0,0,,1,
522,0,,,,,,,,,,,,,,,1,0,,,,0,0,0,0,0,0,0,0,0,0,0,0,0,0,0,0,0,0,0,0,0,0,0,0,0,0,,1,
523,0,,,,,,,,,,,,,,,1,0,,,,0,0,0,0,0,0,0,0,0,0,0,0,0,0,0,0,0,0,0,0,0,0,0,0,0,0,,1,
524,0,,,,,,,,,,,,,,,1,0,,,,0,0,0,0,0,0,0,0,0,0,0,0,0,0,0,0,0,0,0,0,0,0,0,0,0,0,,1,
525,0,,,,,,,,,,,,,,,1,0,,,,0,0,0,0,0,0,0,0,0,0,0,0,0,0,0,0,0,0,0,0,0,0,0,0,0,0,,1,
526,0,,,,,,,,,,,,,,,1,0,,,,0,0,0,0,0,0,0,0,0,0,0,0,0,0,0,0,0,0,0,0,0,0,0,0,0,0,,1,
527,0,,,,,,,,,,,,,,,1,0,,,,0,0,0,0,0,0,0,0,0,0,0,0,0,0,0,0,0,0,0,0,0,0,0,0,0,0,,1,
528,0,,,,,,,,,,,,,,,1,0,,,,0,0,0,0,0,0,0,0,0,0,0,0,0,0,0,0,0,0,0,0,0,0,0,0,0,0,,1,
529,0,,,,,,,,,,,,,,,1,0,,,,0,0,0,0,0,0,0,0,0,0,0,0,0,0,0,0,0,0,0,0,0,0,0,0,0,0,,1,
530,0,,,,,,,,,,,,,,,1,0,,,,0,0,0,0,0,0,0,0,0,0,0,0,0,0,0,0,0,0,0,0,0,0,0,0,0,0,,1,
531,0,,,,,,,,,,,,,,,1,0,,,,0,0,0,0,0,0,0,0,0,0,0,0,0,0,0,0,0,0,0,0,0,0,0,0,0,0,,1,
532,0,,,,,,,,,,,,,,,1,0,,,,0,0,0,0,0,0,0,0,0,0,0,0,0,0,0,0,0,0,0,0,0,0,0,0,0,0,,1,
533,0,,,,,,,,,,,,,,,1,0,,,,0,0,0,0,0,0,0,0,0,0,0,0,0,0,0,0,0,0,0,0,0,0,0,0,0,0,,1,
534,0,,,,,,,,,,,,,,,1,0,,,,0,0,0,0,0,0,0,0,0,0,0,0,0,0,0,0,0,0,0,0,0,0,0,0,0,0,,1,
535,0,,,,,,,,,,,,,,,1,0,,,,0,0,0,0,0,0,0,0,0,0,0,0,0,0,0,0,0,0,0,0,0,0,0,0,0,0,,1,
536,0,,,,,,,,,,,,,,,1,0,,,,0,0,0,0,0,0,0,0,0,0,0,0,0,0,0,0,0,0,0,0,0,0,0,0,0,0,,1,
537,0,,,,,,,,,,,,,,,1,0,,,,0,0,0,0,0,0,0,0,0,0,0,0,0,0,0,0,0,0,0,0,0,0,0,0,0,0,,1,
538,0,,,,,,,,,,,,,,,1,0,,,,0,0,0,0,0,0,0,0,0,0,0,0,0,0,0,0,0,0,0,0,0,0,0,0,0,0,,1,
539,0,,,,,,,,,,,,,,,1,0,,,,0,0,0,0,0,0,0,0,0,0,0,0,0,0,0,0,0,0,0,0,0,0,0,0,0,0,,1,
540,0,,,,,,,,,,,,,,,1,0,,,,0,0,0,0,0,0,0,0,0,0,0,0,0,0,0,0,0,0,0,0,0,0,0,0,0,0,,1,
541,0,,,,,,,,,,,,,,,1,0,,,,0,0,0,0,0,0,0,0,0,0,0,0,0,0,0,0,0,0,0,0,0,0,0,0,0,0,,1,
542,0,,,,,,,,,,,,,,,1,0,,,,0,0,0,0,0,0,0,0,0,0,0,0,0,0,0,0,0,0,0,0,0,0,0,0,0,0,,1,
543,0,,,,,,,,,,,,,,,1,0,,,,0,0,0,0,0,0,0,0,0,0,0,0,0,0,0,0,0,0,0,0,0,0,0,0,0,0,,1,
544,0,,,,,,,,,,,,,,,1,0,,,,0,0,0,0,0,0,0,0,0,0,0,0,0,0,0,0,0,0,0,0,0,0,0,0,0,0,,1,
545,0,,,,,,,,,,,,,,,1,0,,,,0,0,0,0,0,0,0,0,0,0,0,0,0,0,0,0,0,0,0,0,0,0,0,0,0,0,,1,
546,0,,,,,,,,,,,,,,,1,0,,,,0,0,0,0,0,0,0,0,0,0,0,0,0,0,0,0,0,0,0,0,0,0,0,0,0,0,,1,
547,0,,,,,,,,,,,,,,,1,0,,,,0,0,0,0,0,0,0,0,0,0,0,0,0,0,0,0,0,0,0,0,0,0,0,0,0,0,,1,
548,0,,,,,,,,,,,,,,,1,0,,,,0,0,0,0,0,0,0,0,0,0,0,0,0,0,0,0,0,0,0,0,0,0,0,0,0,0,,1,
549,0,,,,,,,,,,,,,,,1,0,,,,0,0,0,0,0,0,0,0,0,0,0,0,0,0,0,0,0,0,0,0,0,0,0,0,0,0,,1,
550,0,,,,,,,,,,,,,,,1,0,,,,0,0,0,0,0,0,0,0,0,0,0,0,0,0,0,0,0,0,0,0,0,0,0,0,0,0,,1,
551,0,,,,,,,,,,,,,,,1,0,,,,0,0,0,0,0,0,0,0,0,0,0,0,0,0,0,0,0,0,0,0,0,0,0,0,0,0,,1,
552,0,,,,,,,,,,,,,,,1,0,,,,0,0,0,0,0,0,0,0,0,0,0,0,0,0,0,0,0,0,0,0,0,0,0,0,0,0,,1,
553,0,,,,,,,,,,,,,,,1,0,,,,0,0,0,0,0,0,0,0,0,0,0,0,0,0,0,0,0,0,0,0,0,0,0,0,0,0,,1,
554,0,,,,,,,,,,,,,,,1,0,,,,0,0,0,0,0,0,0,0,0,0,0,0,0,0,0,0,0,0,0,0,0,0,0,0,0,0,,1,
555,0,,,,,,,,,,,,,,,1,0,,,,0,0,0,0,0,0,0,0,0,0,0,0,0,0,0,0,0,0,0,0,0,0,0,0,0,0,,1,
556,0,,,,,,,,,,,,,,,1,0,,,,0,0,0,0,0,0,0,0,0,0,0,0,0,0,0,0,0,0,0,0,0,0,0,0,0,0,,1,
557,0,,,,,,,,,,,,,,,1,0,,,,0,0,0,0,0,0,0,0,0,0,0,0,0,0,0,0,0,0,0,0,0,0,0,0,0,0,,1,
558,0,,,,,,,,,,,,,,,1,0,,,,0,0,0,0,0,0,0,0,0,0,0,0,0,0,0,0,0,0,0,0,0,0,0,0,0,0,,1,
559,0,,,,,,,,,,,,,,,1,0,,,,0,0,0,0,0,0,0,0,0,0,0,0,0,0,0,0,0,0,0,0,0,0,0,0,0,0,,1,
560,0,,,,,,,,,,,,,,,1,0,,,,0,0,0,0,0,0,0,0,0,0,0,0,0,0,0,0,0,0,0,0,0,0,0,0,0,0,,1,
561,0,,,,,,,,,,,,,,,1,0,,,,0,0,0,0,0,0,0,0,0,0,0,0,0,0,0,0,0,0,0,0,0,0,0,0,0,0,,1,
562,0,,,,,,,,,,,,,,,1,0,,,,0,0,0,0,0,0,0,0,0,0,0,0,0,0,0,0,0,0,0,0,0,0,0,0,0,0,,1,
563,0,,,,,,,,,,,,,,,1,0,,,,0,0,0,0,0,0,0,0,0,0,0,0,0,0,0,0,0,0,0,0,0,0,0,0,0,0,,1,
564,0,,,,,,,,,,,,,,,1,0,,,,0,0,0,0,0,0,0,0,0,0,0,0,0,0,0,0,0,0,0,0,0,0,0,0,0,0,,1,
565,0,,,,,,,,,,,,,,,1,0,,,,0,0,0,0,0,0,0,0,0,0,0,0,0,0,0,0,0,0,0,0,0,0,0,0,0,0,,1,
566,0,,,,,,,,,,,,,,,1,0,,,,0,0,0,0,0,0,0,0,0,0,0,0,0,0,0,0,0,0,0,0,0,0,0,0,0,0,,1,
567,0,,,,,,,,,,,,,,,1,0,,,,0,0,0,0,0,0,0,0,0,0,0,0,0,0,0,0,0,0,0,0,0,0,0,0,0,0,,1,
568,0,,,,,,,,,,,,,,,1,0,,,,0,0,0,0,0,0,0,0,0,0,0,0,0,0,0,0,0,0,0,0,0,0,0,0,0,0,,1,
569,0,,,,,,,,,,,,,,,1,0,,,,0,0,0,0,0,0,0,0,0,0,0,0,0,0,0,0,0,0,0,0,0,0,0,0,0,0,,1,
570,0,,,,,,,,,,,,,,,1,0,,,,0,0,0,0,0,0,0,0,0,0,0,0,0,0,0,0,0,0,0,0,0,0,0,0,0,0,,1,
571,0,,,,,,,,,,,,,,,1,0,,,,0,0,0,0,0,0,0,0,0,0,0,0,0,0,0,0,0,0,0,0,0,0,0,0,0,0,,1,
572,0,,,,,,,,,,,,,,,1,0,,,,0,0,0,0,0,0,0,0,0,0,0,0,0,0,0,0,0,0,0,0,0,0,0,0,0,0,,1,
573,0,,,,,,,,,,,,,,,1,0,,,,0,0,0,0,0,0,0,0,0,0,0,0,0,0,0,0,0,0,0,0,0,0,0,0,0,0,,1,
574,0,,,,,,,,,,,,,,,1,0,,,,0,0,0,0,0,0,0,0,0,0,0,0,0,0,0,0,0,0,0,0,0,0,0,0,0,0,,1,
575,0,,,,,,,,,,,,,,,1,0,,,,0,0,0,0,0,0,0,0,0,0,0,0,0,0,0,0,0,0,0,0,0,0,0,0,0,0,,1,
576,0,,,,,,,,,,,,,,,1,0,,,,0,0,0,0,0,0,0,0,0,0,0,0,0,0,0,0,0,0,0,0,0,0,0,0,0,0,,1,
577,0,,,,,,,,,,,,,,,1,0,,,,0,0,0,0,0,0,0,0,0,0,0,0,0,0,0,0,0,0,0,0,0,0,0,0,0,0,,1,
578,0,,,,,,,,,,,,,,,1,0,,,,0,0,0,0,0,0,0,0,0,0,0,0,0,0,0,0,0,0,0,0,0,0,0,0,0,0,,1,
579,0,,,,,,,,,,,,,,,1,0,,,,0,0,0,0,0,0,0,0,0,0,0,0,0,0,0,0,0,0,0,0,0,0,0,0,0,0,,1,
580,0,,,,,,,,,,,,,,,1,0,,,,0,0,0,0,0,0,0,0,0,0,0,0,0,0,0,0,0,0,0,0,0,0,0,0,0,0,,1,
581,0,,,,,,,,,,,,,,,1,0,,,,0,0,0,0,0,0,0,0,0,0,0,0,0,0,0,0,0,0,0,0,0,0,0,0,0,0,,1,
582,0,,,,,,,,,,,,,,,1,0,,,,0,0,0,0,0,0,0,0,0,0,0,0,0,0,0,0,0,0,0,0,0,0,0,0,0,0,,1,
583,0,,,,,,,,,,,,,,,1,0,,,,0,0,0,0,0,0,0,0,0,0,0,0,0,0,0,0,0,0,0,0,0,0,0,0,0,0,,1,
584,0,,,,,,,,,,,,,,,1,0,,,,0,0,0,0,0,0,0,0,0,0,0,0,0,0,0,0,0,0,0,0,0,0,0,0,0,0,,1,
585,0,,,,,,,,,,,,,,,1,0,,,,0,0,0,0,0,0,0,0,0,0,0,0,0,0,0,0,0,0,0,0,0,0,0,0,0,0,,1,
586,0,,,,,,,,,,,,,,,1,0,,,,0,0,0,0,0,0,0,0,0,0,0,0,0,0,0,0,0,0,0,0,0,0,0,0,0,0,,1,
587,0,,,,,,,,,,,,,,,1,0,,,,0,0,0,0,0,0,0,0,0,0,0,0,0,0,0,0,0,0,0,0,0,0,0,0,0,0,,1,
588,0,,,,,,,,,,,,,,,1,0,,,,0,0,0,0,0,0,0,0,0,0,0,0,0,0,0,0,0,0,0,0,0,0,0,0,0,0,,1,
589,0,,,,,,,,,,,,,,,1,0,,,,0,0,0,0,0,0,0,0,0,0,0,0,0,0,0,0,0,0,0,0,0,0,0,0,0,0,,1,
590,0,,,,,,,,,,,,,,,1,0,,,,0,0,0,0,0,0,0,0,0,0,0,0,0,0,0,0,0,0,0,0,0,0,0,0,0,0,,1,
591,0,,,,,,,,,,,,,,,1,0,,,,0,0,0,0,0,0,0,0,0,0,0,0,0,0,0,0,0,0,0,0,0,0,0,0,0,0,,1,
592,0,,,,,,,,,,,,,,,1,0,,,,0,0,0,0,0,0,0,0,0,0,0,0,0,0,0,0,0,0,0,0,0,0,0,0,0,0,,1,
593,0,,,,,,,,,,,,,,,1,0,,,,0,0,0,0,0,0,0,0,0,0,0,0,0,0,0,0,0,0,0,0,0,0,0,0,0,0,,1,
594,0,,,,,,,,,,,,,,,1,0,,,,0,0,0,0,0,0,0,0,0,0,0,0,0,0,0,0,0,0,0,0,0,0,0,0,0,0,,1,
595,0,,,,,,,,,,,,,,,1,0,,,,0,0,0,0,0,0,0,0,0,0,0,0,0,0,0,0,0,0,0,0,0,0,0,0,0,0,,1,
596,0,,,,,,,,,,,,,,,1,0,,,,0,0,0,0,0,0,0,0,0,0,0,0,0,0,0,0,0,0,0,0,0,0,0,0,0,0,,1,
597,0,,,,,,,,,,,,,,,1,0,,,,0,0,0,0,0,0,0,0,0,0,0,0,0,0,0,0,0,0,0,0,0,0,0,0,0,0,,1,
598,0,,,,,,,,,,,,,,,1,0,,,,0,0,0,0,0,0,0,0,0,0,0,0,0,0,0,0,0,0,0,0,0,0,0,0,0,0,,1,
599,0,,,,,,,,,,,,,,,1,0,,,,0,0,0,0,0,0,0,0,0,0,0,0,0,0,0,0,0,0,0,0,0,0,0,0,0,0,,1,
600,0,,,,,,,,,,,,,,,1,0,,,,0,0,0,0,0,0,0,0,0,0,0,0,0,0,0,0,0,0,0,0,0,0,0,0,0,0,,1,
601,0,,,,,,,,,,,,,,,1,0,,,,0,0,0,0,0,0,0,0,0,0,0,0,0,0,0,0,0,0,0,0,0,0,0,0,0,0,,1,
602,0,,,,,,,,,,,,,,,1,0,,,,0,0,0,0,0,0,0,0,0,0,0,0,0,0,0,0,0,0,0,0,0,0,0,0,0,0,,1,
603,0,,,,,,,,,,,,,,,1,0,,,,0,0,0,0,0,0,0,0,0,0,0,0,0,0,0,0,0,0,0,0,0,0,0,0,0,0,,1,
604,0,,,,,,,,,,,,,,,1,0,,,,0,0,0,0,0,0,0,0,0,0,0,0,0,0,0,0,0,0,0,0,0,0,0,0,0,0,,1,
605,0,,,,,,,,,,,,,,,1,0,,,,0,0,0,0,0,0,0,0,0,0,0,0,0,0,0,0,0,0,0,0,0,0,0,0,0,0,,1,
606,0,,,,,,,,,,,,,,,1,0,,,,0,0,0,0,0,0,0,0,0,0,0,0,0,0,0,0,0,0,0,0,0,0,0,0,0,0,,1,
607,0,,,,,,,,,,,,,,,1,0,,,,0,0,0,0,0,0,0,0,0,0,0,0,0,0,0,0,0,0,0,0,0,0,0,0,0,0,,1,
608,0,,,,,,,,,,,,,,,1,0,,,,0,0,0,0,0,0,0,0,0,0,0,0,0,0,0,0,0,0,0,0,0,0,0,0,0,0,,1,
609,0,,,,,,,,,,,,,,,1,0,,,,0,0,0,0,0,0,0,0,0,0,0,0,0,0,0,0,0,0,0,0,0,0,0,0,0,0,,1,
610,0,,,,,,,,,,,,,,,1,0,,,,0,0,0,0,0,0,0,0,0,0,0,0,0,0,0,0,0,0,0,0,0,0,0,0,0,0,,1,
611,0,,,,,,,,,,,,,,,1,0,,,,0,0,0,0,0,0,0,0,0,0,0,0,0,0,0,0,0,0,0,0,0,0,0,0,0,0,,1,
612,0,,,,,,,,,,,,,,,1,0,,,,0,0,0,0,0,0,0,0,0,0,0,0,0,0,0,0,0,0,0,0,0,0,0,0,0,0,,1,
613,0,,,,,,,,,,,,,,,1,0,,,,0,0,0,0,0,0,0,0,0,0,0,0,0,0,0,0,0,0,0,0,0,0,0,0,0,0,,1,
614,0,,,,,,,,,,,,,,,1,0,,,,0,0,0,0,0,0,0,0,0,0,0,0,0,0,0,0,0,0,0,0,0,0,0,0,0,0,,1,
615,0,,,,,,,,,,,,,,,1,0,,,,0,0,0,0,0,0,0,0,0,0,0,0,0,0,0,0,0,0,0,0,0,0,0,0,0,0,,1,
616,0,,,,,,,,,,,,,,,1,0,,,,0,0,0,0,0,0,0,0,0,0,0,0,0,0,0,0,0,0,0,0,0,0,0,0,0,0,,1,
617,0,,,,,,,,,,,,,,,1,0,,,,0,0,0,0,0,0,0,0,0,0,0,0,0,0,0,0,0,0,0,0,0,0,0,0,0,0,,1,
618,0,,,,,,,,,,,,,,,1,0,,,,0,0,0,0,0,0,0,0,0,0,0,0,0,0,0,0,0,0,0,0,0,0,0,0,0,0,,1,
619,0,,,,,,,,,,,,,,,1,0,,,,0,0,0,0,0,0,0,0,0,0,0,0,0,0,0,0,0,0,0,0,0,0,0,0,0,0,,1,
620,0,,,,,,,,,,,,,,,1,0,,,,0,0,0,0,0,0,0,0,0,0,0,0,0,0,0,0,0,0,0,0,0,0,0,0,0,0,,1,
621,0,,,,,,,,,,,,,,,1,0,,,,0,0,0,0,0,0,0,0,0,0,0,0,0,0,0,0,0,0,0,0,0,0,0,0,0,0,,1,
622,0,,,,,,,,,,,,,,,1,0,,,,0,0,0,0,0,0,0,0,0,0,0,0,0,0,0,0,0,0,0,0,0,0,0,0,0,0,,1,
623,0,,,,,,,,,,,,,,,1,0,,,,0,0,0,0,0,0,0,0,0,0,0,0,0,0,0,0,0,0,0,0,0,0,0,0,0,0,,1,
624,0,,,,,,,,,,,,,,,1,0,,,,0,0,0,0,0,0,0,0,0,0,0,0,0,0,0,0,0,0,0,0,0,0,0,0,0,0,,1,
625,0,,,,,,,,,,,,,,,1,0,,,,0,0,0,0,0,0,0,0,0,0,0,0,0,0,0,0,0,0,0,0,0,0,0,0,0,0,,1,
626,0,,,,,,,,,,,,,,,1,0,,,,0,0,0,0,0,0,0,0,0,0,0,0,0,0,0,0,0,0,0,0,0,0,0,0,0,0,,1,
627,0,,,,,,,,,,,,,,,1,0,,,,0,0,0,0,0,0,0,0,0,0,0,0,0,0,0,0,0,0,0,0,0,0,0,0,0,0,,1,
628,0,,,,,,,,,,,,,,,1,0,,,,0,0,0,0,0,0,0,0,0,0,0,0,0,0,0,0,0,0,0,0,0,0,0,0,0,0,,1,
629,0,,,,,,,,,,,,,,,1,0,,,,0,0,0,0,0,0,0,0,0,0,0,0,0,0,0,0,0,0,0,0,0,0,0,0,0,0,,1,
630,0,,,,,,,,,,,,,,,1,0,,,,0,0,0,0,0,0,0,0,0,0,0,0,0,0,0,0,0,0,0,0,0,0,0,0,0,0,,1,
631,0,,,,,,,,,,,,,,,1,0,,,,0,0,0,0,0,0,0,0,0,0,0,0,0,0,0,0,0,0,0,0,0,0,0,0,0,0,,1,
632,0,,,,,,,,,,,,,,,1,0,,,,0,0,0,0,0,0,0,0,0,0,0,0,0,0,0,0,0,0,0,0,0,0,0,0,0,0,,1,
633,0,,,,,,,,,,,,,,,1,0,,,,0,0,0,0,0,0,0,0,0,0,0,0,0,0,0,0,0,0,0,0,0,0,0,0,0,0,,1,
634,0,,,,,,,,,,,,,,,1,0,,,,0,0,0,0,0,0,0,0,0,0,0,0,0,0,0,0,0,0,0,0,0,0,0,0,0,0,,1,
635,0,,,,,,,,,,,,,,,1,0,,,,0,0,0,0,0,0,0,0,0,0,0,0,0,0,0,0,0,0,0,0,0,0,0,0,0,0,,1,
636,0,,,,,,,,,,,,,,,1,0,,,,0,0,0,0,0,0,0,0,0,0,0,0,0,0,0,0,0,0,0,0,0,0,0,0,0,0,,1,
637,0,,,,,,,,,,,,,,,1,0,,,,0,0,0,0,0,0,0,0,0,0,0,0,0,0,0,0,0,0,0,0,0,0,0,0,0,0,,1,
638,0,,,,,,,,,,,,,,,1,0,,,,0,0,0,0,0,0,0,0,0,0,0,0,0,0,0,0,0,0,0,0,0,0,0,0,0,0,,1,
639,0,,,,,,,,,,,,,,,1,0,,,,0,0,0,0,0,0,0,0,0,0,0,0,0,0,0,0,0,0,0,0,0,0,0,0,0,0,,1,
640,0,,,,,,,,,,,,,,,1,0,,,,0,0,0,0,0,0,0,0,0,0,0,0,0,0,0,0,0,0,0,0,0,0,0,0,0,0,,1,
641,0,,,,,,,,,,,,,,,1,0,,,,0,0,0,0,0,0,0,0,0,0,0,0,0,0,0,0,0,0,0,0,0,0,0,0,0,0,,1,
642,0,,,,,,,,,,,,,,,1,0,,,,0,0,0,0,0,0,0,0,0,0,0,0,0,0,0,0,0,0,0,0,0,0,0,0,0,0,,1,
643,0,,,,,,,,,,,,,,,1,0,,,,0,0,0,0,0,0,0,0,0,0,0,0,0,0,0,0,0,0,0,0,0,0,0,0,0,0,,1,
644,0,,,,,,,,,,,,,,,1,0,,,,0,0,0,0,0,0,0,0,0,0,0,0,0,0,0,0,0,0,0,0,0,0,0,0,0,0,,1,
645,0,,,,,,,,,,,,,,,1,0,,,,0,0,0,0,0,0,0,0,0,0,0,0,0,0,0,0,0,0,0,0,0,0,0,0,0,0,,1,
646,0,,,,,,,,,,,,,,,1,0,,,,0,0,0,0,0,0,0,0,0,0,0,0,0,0,0,0,0,0,0,0,0,0,0,0,0,0,,1,
647,0,,,,,,,,,,,,,,,1,0,,,,0,0,0,0,0,0,0,0,0,0,0,0,0,0,0,0,0,0,0,0,0,0,0,0,0,0,,1,
648,0,,,,,,,,,,,,,,,1,0,,,,0,0,0,0,0,0,0,0,0,0,0,0,0,0,0,0,0,0,0,0,0,0,0,0,0,0,,1,
649,0,,,,,,,,,,,,,,,1,0,,,,0,0,0,0,0,0,0,0,0,0,0,0,0,0,0,0,0,0,0,0,0,0,0,0,0,0,,1,
650,0,,,,,,,,,,,,,,,1,0,,,,0,0,0,0,0,0,0,0,0,0,0,0,0,0,0,0,0,0,0,0,0,0,0,0,0,0,,1,
651,0,,,,,,,,,,,,,,,1,0,,,,0,0,0,0,0,0,0,0,0,0,0,0,0,0,0,0,0,0,0,0,0,0,0,0,0,0,,1,
652,0,,,,,,,,,,,,,,,1,0,,,,0,0,0,0,0,0,0,0,0,0,0,0,0,0,0,0,0,0,0,0,0,0,0,0,0,0,,1,
653,0,,,,,,,,,,,,,,,1,0,,,,0,0,0,0,0,0,0,0,0,0,0,0,0,0,0,0,0,0,0,0,0,0,0,0,0,0,,1,
654,0,,,,,,,,,,,,,,,1,0,,,,0,0,0,0,0,0,0,0,0,0,0,0,0,0,0,0,0,0,0,0,0,0,0,0,0,0,,1,
655,0,,,,,,,,,,,,,,,1,0,,,,0,0,0,0,0,0,0,0,0,0,0,0,0,0,0,0,0,0,0,0,0,0,0,0,0,0,,1,
656,0,,,,,,,,,,,,,,,1,0,,,,0,0,0,0,0,0,0,0,0,0,0,0,0,0,0,0,0,0,0,0,0,0,0,0,0,0,,1,
657,0,,,,,,,,,,,,,,,1,0,,,,0,0,0,0,0,0,0,0,0,0,0,0,0,0,0,0,0,0,0,0,0,0,0,0,0,0,,1,
658,0,,,,,,,,,,,,,,,1,0,,,,0,0,0,0,0,0,0,0,0,0,0,0,0,0,0,0,0,0,0,0,0,0,0,0,0,0,,1,
659,0,,,,,,,,,,,,,,,1,0,,,,0,0,0,0,0,0,0,0,0,0,0,0,0,0,0,0,0,0,0,0,0,0,0,0,0,0,,1,
660,0,,,,,,,,,,,,,,,1,0,,,,0,0,0,0,0,0,0,0,0,0,0,0,0,0,0,0,0,0,0,0,0,0,0,0,0,0,,1,
661,0,,,,,,,,,,,,,,,1,0,,,,0,0,0,0,0,0,0,0,0,0,0,0,0,0,0,0,0,0,0,0,0,0,0,0,0,0,,1,
662,0,,,,,,,,,,,,,,,1,0,,,,0,0,0,0,0,0,0,0,0,0,0,0,0,0,0,0,0,0,0,0,0,0,0,0,0,0,,1,
663,0,,,,,,,,,,,,,,,1,0,,,,0,0,0,0,0,0,0,0,0,0,0,0,0,0,0,0,0,0,0,0,0,0,0,0,0,0,,1,
664,0,,,,,,,,,,,,,,,1,0,,,,0,0,0,0,0,0,0,0,0,0,0,0,0,0,0,0,0,0,0,0,0,0,0,0,0,0,,1,
665,0,,,,,,,,,,,,,,,1,0,,,,0,0,0,0,0,0,0,0,0,0,0,0,0,0,0,0,0,0,0,0,0,0,0,0,0,0,,1,
666,0,,,,,,,,,,,,,,,1,0,,,,0,0,0,0,0,0,0,0,0,0,0,0,0,0,0,0,0,0,0,0,0,0,0,0,0,0,,1,
667,0,,,,,,,,,,,,,,,1,0,,,,0,0,0,0,0,0,0,0,0,0,0,0,0,0,0,0,0,0,0,0,0,0,0,0,0,0,,1,
668,0,,,,,,,,,,,,,,,1,0,,,,0,0,0,0,0,0,0,0,0,0,0,0,0,0,0,0,0,0,0,0,0,0,0,0,0,0,,1,
669,0,,,,,,,,,,,,,,,1,0,,,,0,0,0,0,0,0,0,0,0,0,0,0,0,0,0,0,0,0,0,0,0,0,0,0,0,0,,1,
670,0,,,,,,,,,,,,,,,1,0,,,,0,0,0,0,0,0,0,0,0,0,0,0,0,0,0,0,0,0,0,0,0,0,0,0,0,0,,1,
671,0,,,,,,,,,,,,,,,1,0,,,,0,0,0,0,0,0,0,0,0,0,0,0,0,0,0,0,0,0,0,0,0,0,0,0,0,0,,1,
672,0,,,,,,,,,,,,,,,1,0,,,,0,0,0,0,0,0,0,0,0,0,0,0,0,0,0,0,0,0,0,0,0,0,0,0,0,0,,1,
673,0,,,,,,,,,,,,,,,1,0,,,,0,0,0,0,0,0,0,0,0,0,0,0,0,0,0,0,0,0,0,0,0,0,0,0,0,0,,1,
674,0,,,,,,,,,,,,,,,1,0,,,,0,0,0,0,0,0,0,0,0,0,0,0,0,0,0,0,0,0,0,0,0,0,0,0,0,0,,1,
675,0,,,,,,,,,,,,,,,1,0,,,,0,0,0,0,0,0,0,0,0,0,0,0,0,0,0,0,0,0,0,0,0,0,0,0,0,0,,1,
676,0,,,,,,,,,,,,,,,1,0,,,,0,0,0,0,0,0,0,0,0,0,0,0,0,0,0,0,0,0,0,0,0,0,0,0,0,0,,1,
677,0,,,,,,,,,,,,,,,1,0,,,,0,0,0,0,0,0,0,0,0,0,0,0,0,0,0,0,0,0,0,0,0,0,0,0,0,0,,1,
678,0,,,,,,,,,,,,,,,1,0,,,,0,0,0,0,0,0,0,0,0,0,0,0,0,0,0,0,0,0,0,0,0,0,0,0,0,0,,1,
679,0,,,,,,,,,,,,,,,1,0,,,,0,0,0,0,0,0,0,0,0,0,0,0,0,0,0,0,0,0,0,0,0,0,0,0,0,0,,1,
680,0,,,,,,,,,,,,,,,1,0,,,,0,0,0,0,0,0,0,0,0,0,0,0,0,0,0,0,0,0,0,0,0,0,0,0,0,0,,1,
681,0,,,,,,,,,,,,,,,1,0,,,,0,0,0,0,0,0,0,0,0,0,0,0,0,0,0,0,0,0,0,0,0,0,0,0,0,0,,1,
682,0,,,,,,,,,,,,,,,1,0,,,,0,0,0,0,0,0,0,0,0,0,0,0,0,0,0,0,0,0,0,0,0,0,0,0,0,0,,1,
683,0,,,,,,,,,,,,,,,1,0,,,,0,0,0,0,0,0,0,0,0,0,0,0,0,0,0,0,0,0,0,0,0,0,0,0,0,0,,1,
684,0,,,,,,,,,,,,,,,1,0,,,,0,0,0,0,0,0,0,0,0,0,0,0,0,0,0,0,0,0,0,0,0,0,0,0,0,0,,1,
685,0,,,,,,,,,,,,,,,1,0,,,,0,0,0,0,0,0,0,0,0,0,0,0,0,0,0,0,0,0,0,0,0,0,0,0,0,0,,1,
686,0,,,,,,,,,,,,,,,1,0,,,,0,0,0,0,0,0,0,0,0,0,0,0,0,0,0,0,0,0,0,0,0,0,0,0,0,0,,1,
687,0,,,,,,,,,,,,,,,1,0,,,,0,0,0,0,0,0,0,0,0,0,0,0,0,0,0,0,0,0,0,0,0,0,0,0,0,0,,1,
688,0,,,,,,,,,,,,,,,1,0,,,,0,0,0,0,0,0,0,0,0,0,0,0,0,0,0,0,0,0,0,0,0,0,0,0,0,0,,1,
689,0,,,,,,,,,,,,,,,1,0,,,,0,0,0,0,0,0,0,0,0,0,0,0,0,0,0,0,0,0,0,0,0,0,0,0,0,0,,1,
690,0,,,,,,,,,,,,,,,1,0,,,,0,0,0,0,0,0,0,0,0,0,0,0,0,0,0,0,0,0,0,0,0,0,0,0,0,0,,1,
691,0,,,,,,,,,,,,,,,1,0,,,,0,0,0,0,0,0,0,0,0,0,0,0,0,0,0,0,0,0,0,0,0,0,0,0,0,0,,1,
692,0,,,,,,,,,,,,,,,1,0,,,,0,0,0,0,0,0,0,0,0,0,0,0,0,0,0,0,0,0,0,0,0,0,0,0,0,0,,1,
693,0,,,,,,,,,,,,,,,1,0,,,,0,0,0,0,0,0,0,0,0,0,0,0,0,0,0,0,0,0,0,0,0,0,0,0,0,0,,1,
694,0,,,,,,,,,,,,,,,1,0,,,,0,0,0,0,0,0,0,0,0,0,0,0,0,0,0,0,0,0,0,0,0,0,0,0,0,0,,1,
695,0,,,,,,,,,,,,,,,1,0,,,,0,0,0,0,0,0,0,0,0,0,0,0,0,0,0,0,0,0,0,0,0,0,0,0,0,0,,1,
696,0,,,,,,,,,,,,,,,1,0,,,,0,0,0,0,0,0,0,0,0,0,0,0,0,0,0,0,0,0,0,0,0,0,0,0,0,0,,1,
697,0,,,,,,,,,,,,,,,1,0,,,,0,0,0,0,0,0,0,0,0,0,0,0,0,0,0,0,0,0,0,0,0,0,0,0,0,0,,1,
698,0,,,,,,,,,,,,,,,1,0,,,,0,0,0,0,0,0,0,0,0,0,0,0,0,0,0,0,0,0,0,0,0,0,0,0,0,0,,1,
699,0,,,,,,,,,,,,,,,1,0,,,,0,0,0,0,0,0,0,0,0,0,0,0,0,0,0,0,0,0,0,0,0,0,0,0,0,0,,1,
700,0,,,,,,,,,,,,,,,1,0,,,,0,0,0,0,0,0,0,0,0,0,0,0,0,0,0,0,0,0,0,0,0,0,0,0,0,0,,1,
701,0,,,,,,,,,,,,,,,1,0,,,,0,0,0,0,0,0,0,0,0,0,0,0,0,0,0,0,0,0,0,0,0,0,0,0,0,0,,1,
702,0,,,,,,,,,,,,,,,1,0,,,,0,0,0,0,0,0,0,0,0,0,0,0,0,0,0,0,0,0,0,0,0,0,0,0,0,0,,1,
703,0,,,,,,,,,,,,,,,1,0,,,,0,0,0,0,0,0,0,0,0,0,0,0,0,0,0,0,0,0,0,0,0,0,0,0,0,0,,1,
704,0,,,,,,,,,,,,,,,1,0,,,,0,0,0,0,0,0,0,0,0,0,0,0,0,0,0,0,0,0,0,0,0,0,0,0,0,0,,1,
705,0,,,,,,,,,,,,,,,1,0,,,,0,0,0,0,0,0,0,0,0,0,0,0,0,0,0,0,0,0,0,0,0,0,0,0,0,0,,1,
706,0,,,,,,,,,,,,,,,1,0,,,,0,0,0,0,0,0,0,0,0,0,0,0,0,0,0,0,0,0,0,0,0,0,0,0,0,0,,1,
707,0,,,,,,,,,,,,,,,1,0,,,,0,0,0,0,0,0,0,0,0,0,0,0,0,0,0,0,0,0,0,0,0,0,0,0,0,0,,1,
708,0,,,,,,,,,,,,,,,1,0,,,,0,0,0,0,0,0,0,0,0,0,0,0,0,0,0,0,0,0,0,0,0,0,0,0,0,0,,1,
709,0,,,,,,,,,,,,,,,1,0,,,,0,0,0,0,0,0,0,0,0,0,0,0,0,0,0,0,0,0,0,0,0,0,0,0,0,0,,1,
710,0,,,,,,,,,,,,,,,1,0,,,,0,0,0,0,0,0,0,0,0,0,0,0,0,0,0,0,0,0,0,0,0,0,0,0,0,0,,1,
711,0,,,,,,,,,,,,,,,1,0,,,,0,0,0,0,0,0,0,0,0,0,0,0,0,0,0,0,0,0,0,0,0,0,0,0,0,0,,1,
712,0,,,,,,,,,,,,,,,1,0,,,,0,0,0,0,0,0,0,0,0,0,0,0,0,0,0,0,0,0,0,0,0,0,0,0,0,0,,1,
713,0,,,,,,,,,,,,,,,1,0,,,,0,0,0,0,0,0,0,0,0,0,0,0,0,0,0,0,0,0,0,0,0,0,0,0,0,0,,1,
714,0,,,,,,,,,,,,,,,1,0,,,,0,0,0,0,0,0,0,0,0,0,0,0,0,0,0,0,0,0,0,0,0,0,0,0,0,0,,1,
715,0,,,,,,,,,,,,,,,1,0,,,,0,0,0,0,0,0,0,0,0,0,0,0,0,0,0,0,0,0,0,0,0,0,0,0,0,0,,1,
716,0,,,,,,,,,,,,,,,1,0,,,,0,0,0,0,0,0,0,0,0,0,0,0,0,0,0,0,0,0,0,0,0,0,0,0,0,0,,1,
717,0,,,,,,,,,,,,,,,1,0,,,,0,0,0,0,0,0,0,0,0,0,0,0,0,0,0,0,0,0,0,0,0,0,0,0,0,0,,1,
718,0,,,,,,,,,,,,,,,1,0,,,,0,0,0,0,0,0,0,0,0,0,0,0,0,0,0,0,0,0,0,0,0,0,0,0,0,0,,1,
719,0,,,,,,,,,,,,,,,1,0,,,,0,0,0,0,0,0,0,0,0,0,0,0,0,0,0,0,0,0,0,0,0,0,0,0,0,0,,1,
720,0,,,,,,,,,,,,,,,1,0,,,,0,0,0,0,0,0,0,0,0,0,0,0,0,0,0,0,0,0,0,0,0,0,0,0,0,0,,1,
721,0,,,,,,,,,,,,,,,1,0,,,,0,0,0,0,0,0,0,0,0,0,0,0,0,0,0,0,0,0,0,0,0,0,0,0,0,0,,1,
722,0,,,,,,,,,,,,,,,1,0,,,,0,0,0,0,0,0,0,0,0,0,0,0,0,0,0,0,0,0,0,0,0,0,0,0,0,0,,1,
723,0,,,,,,,,,,,,,,,1,0,,,,0,0,0,0,0,0,0,0,0,0,0,0,0,0,0,0,0,0,0,0,0,0,0,0,0,0,,1,
724,0,,,,,,,,,,,,,,,1,0,,,,0,0,0,0,0,0,0,0,0,0,0,0,0,0,0,0,0,0,0,0,0,0,0,0,0,0,,1,
725,0,,,,,,,,,,,,,,,1,0,,,,0,0,0,0,0,0,0,0,0,0,0,0,0,0,0,0,0,0,0,0,0,0,0,0,0,0,,1,
726,0,,,,,,,,,,,,,,,1,0,,,,0,0,0,0,0,0,0,0,0,0,0,0,0,0,0,0,0,0,0,0,0,0,0,0,0,0,,1,
727,0,,,,,,,,,,,,,,,1,0,,,,0,0,0,0,0,0,0,0,0,0,0,0,0,0,0,0,0,0,0,0,0,0,0,0,0,0,,1,
728,0,,,,,,,,,,,,,,,1,0,,,,0,0,0,0,0,0,0,0,0,0,0,0,0,0,0,0,0,0,0,0,0,0,0,0,0,0,,1,
729,0,,,,,,,,,,,,,,,1,0,,,,0,0,0,0,0,0,0,0,0,0,0,0,0,0,0,0,0,0,0,0,0,0,0,0,0,0,,1,
730,0,,,,,,,,,,,,,,,1,0,,,,0,0,0,0,0,0,0,0,0,0,0,0,0,0,0,0,0,0,0,0,0,0,0,0,0,0,,1,
731,0,,,,,,,,,,,,,,,1,0,,,,0,0,0,0,0,0,0,0,0,0,0,0,0,0,0,0,0,0,0,0,0,0,0,0,0,0,,1,
732,0,,,,,,,,,,,,,,,1,0,,,,0,0,0,0,0,0,0,0,0,0,0,0,0,0,0,0,0,0,0,0,0,0,0,0,0,0,,1,
733,0,,,,,,,,,,,,,,,1,0,,,,0,0,0,0,0,0,0,0,0,0,0,0,0,0,0,0,0,0,0,0,0,0,0,0,0,0,,1,
734,0,,,,,,,,,,,,,,,1,0,,,,0,0,0,0,0,0,0,0,0,0,0,0,0,0,0,0,0,0,0,0,0,0,0,0,0,0,,1,
735,0,,,,,,,,,,,,,,,1,0,,,,0,0,0,0,0,0,0,0,0,0,0,0,0,0,0,0,0,0,0,0,0,0,0,0,0,0,,1,
736,0,,,,,,,,,,,,,,,1,0,,,,0,0,0,0,0,0,0,0,0,0,0,0,0,0,0,0,0,0,0,0,0,0,0,0,0,0,,1,
737,0,,,,,,,,,,,,,,,1,0,,,,0,0,0,0,0,0,0,0,0,0,0,0,0,0,0,0,0,0,0,0,0,0,0,0,0,0,,1,
738,0,,,,,,,,,,,,,,,1,0,,,,0,0,0,0,0,0,0,0,0,0,0,0,0,0,0,0,0,0,0,0,0,0,0,0,0,0,,1,
739,0,,,,,,,,,,,,,,,1,0,,,,0,0,0,0,0,0,0,0,0,0,0,0,0,0,0,0,0,0,0,0,0,0,0,0,0,0,,1,
740,0,,,,,,,,,,,,,,,1,0,,,,0,0,0,0,0,0,0,0,0,0,0,0,0,0,0,0,0,0,0,0,0,0,0,0,0,0,,1,
741,0,,,,,,,,,,,,,,,1,0,,,,0,0,0,0,0,0,0,0,0,0,0,0,0,0,0,0,0,0,0,0,0,0,0,0,0,0,,1,
742,0,,,,,,,,,,,,,,,1,0,,,,0,0,0,0,0,0,0,0,0,0,0,0,0,0,0,0,0,0,0,0,0,0,0,0,0,0,,1,
743,0,,,,,,,,,,,,,,,1,0,,,,0,0,0,0,0,0,0,0,0,0,0,0,0,0,0,0,0,0,0,0,0,0,0,0,0,0,,1,
744,0,,,,,,,,,,,,,,,1,0,,,,0,0,0,0,0,0,0,0,0,0,0,0,0,0,0,0,0,0,0,0,0,0,0,0,0,0,,1,
745,0,,,,,,,,,,,,,,,1,0,,,,0,0,0,0,0,0,0,0,0,0,0,0,0,0,0,0,0,0,0,0,0,0,0,0,0,0,,1,
746,0,,,,,,,,,,,,,,,1,0,,,,0,0,0,0,0,0,0,0,0,0,0,0,0,0,0,0,0,0,0,0,0,0,0,0,0,0,,1,
747,0,,,,,,,,,,,,,,,1,0,,,,0,0,0,0,0,0,0,0,0,0,0,0,0,0,0,0,0,0,0,0,0,0,0,0,0,0,,1,
748,0,,,,,,,,,,,,,,,1,0,,,,0,0,0,0,0,0,0,0,0,0,0,0,0,0,0,0,0,0,0,0,0,0,0,0,0,0,,1,
749,0,,,,,,,,,,,,,,,1,0,,,,0,0,0,0,0,0,0,0,0,0,0,0,0,0,0,0,0,0,0,0,0,0,0,0,0,0,,1,
750,0,,,,,,,,,,,,,,,1,0,,,,0,0,0,0,0,0,0,0,0,0,0,0,0,0,0,0,0,0,0,0,0,0,0,0,0,0,,1,
751,0,,,,,,,,,,,,,,,1,0,,,,0,0,0,0,0,0,0,0,0,0,0,0,0,0,0,0,0,0,0,0,0,0,0,0,0,0,,1,
752,0,,,,,,,,,,,,,,,1,0,,,,0,0,0,0,0,0,0,0,0,0,0,0,0,0,0,0,0,0,0,0,0,0,0,0,0,0,,1,
753,0,,,,,,,,,,,,,,,1,0,,,,0,0,0,0,0,0,0,0,0,0,0,0,0,0,0,0,0,0,0,0,0,0,0,0,0,0,,1,
754,0,,,,,,,,,,,,,,,1,0,,,,0,0,0,0,0,0,0,0,0,0,0,0,0,0,0,0,0,0,0,0,0,0,0,0,0,0,,1,
755,0,,,,,,,,,,,,,,,1,0,,,,0,0,0,0,0,0,0,0,0,0,0,0,0,0,0,0,0,0,0,0,0,0,0,0,0,0,,1,
756,0,,,,,,,,,,,,,,,1,0,,,,0,0,0,0,0,0,0,0,0,0,0,0,0,0,0,0,0,0,0,0,0,0,0,0,0,0,,1,
757,0,,,,,,,,,,,,,,,1,0,,,,0,0,0,0,0,0,0,0,0,0,0,0,0,0,0,0,0,0,0,0,0,0,0,0,0,0,,1,
758,0,,,,,,,,,,,,,,,1,0,,,,0,0,0,0,0,0,0,0,0,0,0,0,0,0,0,0,0,0,0,0,0,0,0,0,0,0,,1,
759,0,,,,,,,,,,,,,,,1,0,,,,0,0,0,0,0,0,0,0,0,0,0,0,0,0,0,0,0,0,0,0,0,0,0,0,0,0,,1,
760,0,,,,,,,,,,,,,,,1,0,,,,0,0,0,0,0,0,0,0,0,0,0,0,0,0,0,0,0,0,0,0,0,0,0,0,0,0,,1,
761,0,,,,,,,,,,,,,,,1,0,,,,0,0,0,0,0,0,0,0,0,0,0,0,0,0,0,0,0,0,0,0,0,0,0,0,0,0,,1,
762,0,,,,,,,,,,,,,,,1,0,,,,0,0,0,0,0,0,0,0,0,0,0,0,0,0,0,0,0,0,0,0,0,0,0,0,0,0,,1,
763,0,,,,,,,,,,,,,,,1,0,,,,0,0,0,0,0,0,0,0,0,0,0,0,0,0,0,0,0,0,0,0,0,0,0,0,0,0,,1,
764,0,,,,,,,,,,,,,,,1,0,,,,0,0,0,0,0,0,0,0,0,0,0,0,0,0,0,0,0,0,0,0,0,0,0,0,0,0,,1,
765,0,,,,,,,,,,,,,,,1,0,,,,0,0,0,0,0,0,0,0,0,0,0,0,0,0,0,0,0,0,0,0,0,0,0,0,0,0,,1,
766,0,,,,,,,,,,,,,,,1,0,,,,0,0,0,0,0,0,0,0,0,0,0,0,0,0,0,0,0,0,0,0,0,0,0,0,0,0,,1,
767,0,,,,,,,,,,,,,,,1,0,,,,0,0,0,0,0,0,0,0,0,0,0,0,0,0,0,0,0,0,0,0,0,0,0,0,0,0,,1,
768,0,,,,,,,,,,,,,,,1,0,,,,0,0,0,0,0,0,0,0,0,0,0,0,0,0,0,0,0,0,0,0,0,0,0,0,0,0,,1,
769,0,,,,,,,,,,,,,,,1,0,,,,0,0,0,0,0,0,0,0,0,0,0,0,0,0,0,0,0,0,0,0,0,0,0,0,0,0,,1,
770,0,,,,,,,,,,,,,,,1,0,,,,0,0,0,0,0,0,0,0,0,0,0,0,0,0,0,0,0,0,0,0,0,0,0,0,0,0,,1,
771,0,,,,,,,,,,,,,,,1,0,,,,0,0,0,0,0,0,0,0,0,0,0,0,0,0,0,0,0,0,0,0,0,0,0,0,0,0,,1,
772,0,,,,,,,,,,,,,,,1,0,,,,0,0,0,0,0,0,0,0,0,0,0,0,0,0,0,0,0,0,0,0,0,0,0,0,0,0,,1,
773,0,,,,,,,,,,,,,,,1,0,,,,0,0,0,0,0,0,0,0,0,0,0,0,0,0,0,0,0,0,0,0,0,0,0,0,0,0,,1,
774,0,,,,,,,,,,,,,,,1,0,,,,0,0,0,0,0,0,0,0,0,0,0,0,0,0,0,0,0,0,0,0,0,0,0,0,0,0,,1,
775,0,,,,,,,,,,,,,,,1,0,,,,0,0,0,0,0,0,0,0,0,0,0,0,0,0,0,0,0,0,0,0,0,0,0,0,0,0,,1,
776,0,,,,,,,,,,,,,,,1,0,,,,0,0,0,0,0,0,0,0,0,0,0,0,0,0,0,0,0,0,0,0,0,0,0,0,0,0,,1,
777,0,,,,,,,,,,,,,,,1,0,,,,0,0,0,0,0,0,0,0,0,0,0,0,0,0,0,0,0,0,0,0,0,0,0,0,0,0,,1,
778,0,,,,,,,,,,,,,,,1,0,,,,0,0,0,0,0,0,0,0,0,0,0,0,0,0,0,0,0,0,0,0,0,0,0,0,0,0,,1,
779,0,,,,,,,,,,,,,,,1,0,,,,0,0,0,0,0,0,0,0,0,0,0,0,0,0,0,0,0,0,0,0,0,0,0,0,0,0,,1,
780,0,,,,,,,,,,,,,,,1,0,,,,0,0,0,0,0,0,0,0,0,0,0,0,0,0,0,0,0,0,0,0,0,0,0,0,0,0,,1,
781,0,,,,,,,,,,,,,,,1,0,,,,0,0,0,0,0,0,0,0,0,0,0,0,0,0,0,0,0,0,0,0,0,0,0,0,0,0,,1,
782,0,,,,,,,,,,,,,,,1,0,,,,0,0,0,0,0,0,0,0,0,0,0,0,0,0,0,0,0,0,0,0,0,0,0,0,0,0,,1,
783,0,,,,,,,,,,,,,,,1,0,,,,0,0,0,0,0,0,0,0,0,0,0,0,0,0,0,0,0,0,0,0,0,0,0,0,0,0,,1,
784,0,,,,,,,,,,,,,,,1,0,,,,0,0,0,0,0,0,0,0,0,0,0,0,0,0,0,0,0,0,0,0,0,0,0,0,0,0,,1,
785,0,,,,,,,,,,,,,,,1,0,,,,0,0,0,0,0,0,0,0,0,0,0,0,0,0,0,0,0,0,0,0,0,0,0,0,0,0,,1,
786,0,,,,,,,,,,,,,,,1,0,,,,0,0,0,0,0,0,0,0,0,0,0,0,0,0,0,0,0,0,0,0,0,0,0,0,0,0,,1,
787,0,,,,,,,,,,,,,,,1,0,,,,0,0,0,0,0,0,0,0,0,0,0,0,0,0,0,0,0,0,0,0,0,0,0,0,0,0,,1,
788,0,,,,,,,,,,,,,,,1,0,,,,0,0,0,0,0,0,0,0,0,0,0,0,0,0,0,0,0,0,0,0,0,0,0,0,0,0,,1,
789,0,,,,,,,,,,,,,,,1,0,,,,0,0,0,0,0,0,0,0,0,0,0,0,0,0,0,0,0,0,0,0,0,0,0,0,0,0,,1,
790,0,,,,,,,,,,,,,,,1,0,,,,0,0,0,0,0,0,0,0,0,0,0,0,0,0,0,0,0,0,0,0,0,0,0,0,0,0,,1,
791,0,,,,,,,,,,,,,,,1,0,,,,0,0,0,0,0,0,0,0,0,0,0,0,0,0,0,0,0,0,0,0,0,0,0,0,0,0,,1,
792,0,,,,,,,,,,,,,,,1,0,,,,0,0,0,0,0,0,0,0,0,0,0,0,0,0,0,0,0,0,0,0,0,0,0,0,0,0,,1,
793,0,,,,,,,,,,,,,,,1,0,,,,0,0,0,0,0,0,0,0,0,0,0,0,0,0,0,0,0,0,0,0,0,0,0,0,0,0,,1,
794,0,,,,,,,,,,,,,,,1,0,,,,0,0,0,0,0,0,0,0,0,0,0,0,0,0,0,0,0,0,0,0,0,0,0,0,0,0,,1,
795,0,,,,,,,,,,,,,,,1,0,,,,0,0,0,0,0,0,0,0,0,0,0,0,0,0,0,0,0,0,0,0,0,0,0,0,0,0,,1,
796,0,,,,,,,,,,,,,,,1,0,,,,0,0,0,0,0,0,0,0,0,0,0,0,0,0,0,0,0,0,0,0,0,0,0,0,0,0,,1,
797,0,,,,,,,,,,,,,,,1,0,,,,0,0,0,0,0,0,0,0,0,0,0,0,0,0,0,0,0,0,0,0,0,0,0,0,0,0,,1,
798,0,,,,,,,,,,,,,,,1,0,,,,0,0,0,0,0,0,0,0,0,0,0,0,0,0,0,0,0,0,0,0,0,0,0,0,0,0,,1,
799,0,,,,,,,,,,,,,,,1,0,,,,0,0,0,0,0,0,0,0,0,0,0,0,0,0,0,0,0,0,0,0,0,0,0,0,0,0,,1,
800,0,,,,,,,,,,,,,,,1,0,,,,0,0,0,0,0,0,0,0,0,0,0,0,0,0,0,0,0,0,0,0,0,0,0,0,0,0,,1,
801,0,,,,,,,,,,,,,,,1,0,,,,0,0,0,0,0,0,0,0,0,0,0,0,0,0,0,0,0,0,0,0,0,0,0,0,0,0,,1,
802,0,,,,,,,,,,,,,,,1,0,,,,0,0,0,0,0,0,0,0,0,0,0,0,0,0,0,0,0,0,0,0,0,0,0,0,0,0,,1,
803,0,,,,,,,,,,,,,,,1,0,,,,0,0,0,0,0,0,0,0,0,0,0,0,0,0,0,0,0,0,0,0,0,0,0,0,0,0,,1,
804,0,,,,,,,,,,,,,,,1,0,,,,0,0,0,0,0,0,0,0,0,0,0,0,0,0,0,0,0,0,0,0,0,0,0,0,0,0,,1,
805,0,,,,,,,,,,,,,,,1,0,,,,0,0,0,0,0,0,0,0,0,0,0,0,0,0,0,0,0,0,0,0,0,0,0,0,0,0,,1,
806,0,,,,,,,,,,,,,,,1,0,,,,0,0,0,0,0,0,0,0,0,0,0,0,0,0,0,0,0,0,0,0,0,0,0,0,0,0,,1,
807,0,,,,,,,,,,,,,,,1,0,,,,0,0,0,0,0,0,0,0,0,0,0,0,0,0,0,0,0,0,0,0,0,0,0,0,0,0,,1,
808,0,,,,,,,,,,,,,,,1,0,,,,0,0,0,0,0,0,0,0,0,0,0,0,0,0,0,0,0,0,0,0,0,0,0,0,0,0,,1,
809,0,,,,,,,,,,,,,,,1,0,,,,0,0,0,0,0,0,0,0,0,0,0,0,0,0,0,0,0,0,0,0,0,0,0,0,0,0,,1,
810,0,,,,,,,,,,,,,,,1,0,,,,0,0,0,0,0,0,0,0,0,0,0,0,0,0,0,0,0,0,0,0,0,0,0,0,0,0,,1,
811,0,,,,,,,,,,,,,,,1,0,,,,0,0,0,0,0,0,0,0,0,0,0,0,0,0,0,0,0,0,0,0,0,0,0,0,0,0,,1,
812,0,,,,,,,,,,,,,,,1,0,,,,0,0,0,0,0,0,0,0,0,0,0,0,0,0,0,0,0,0,0,0,0,0,0,0,0,0,,1,
813,0,,,,,,,,,,,,,,,1,0,,,,0,0,0,0,0,0,0,0,0,0,0,0,0,0,0,0,0,0,0,0,0,0,0,0,0,0,,1,
814,0,,,,,,,,,,,,,,,1,0,,,,0,0,0,0,0,0,0,0,0,0,0,0,0,0,0,0,0,0,0,0,0,0,0,0,0,0,,1,
815,0,,,,,,,,,,,,,,,1,0,,,,0,0,0,0,0,0,0,0,0,0,0,0,0,0,0,0,0,0,0,0,0,0,0,0,0,0,,1,
816,0,,,,,,,,,,,,,,,1,0,,,,0,0,0,0,0,0,0,0,0,0,0,0,0,0,0,0,0,0,0,0,0,0,0,0,0,0,,1,
817,0,,,,,,,,,,,,,,,1,0,,,,0,0,0,0,0,0,0,0,0,0,0,0,0,0,0,0,0,0,0,0,0,0,0,0,0,0,,1,
818,0,,,,,,,,,,,,,,,1,0,,,,0,0,0,0,0,0,0,0,0,0,0,0,0,0,0,0,0,0,0,0,0,0,0,0,0,0,,1,
819,0,,,,,,,,,,,,,,,1,0,,,,0,0,0,0,0,0,0,0,0,0,0,0,0,0,0,0,0,0,0,0,0,0,0,0,0,0,,1,
820,0,,,,,,,,,,,,,,,1,0,,,,0,0,0,0,0,0,0,0,0,0,0,0,0,0,0,0,0,0,0,0,0,0,0,0,0,0,,1,
821,0,,,,,,,,,,,,,,,1,0,,,,0,0,0,0,0,0,0,0,0,0,0,0,0,0,0,0,0,0,0,0,0,0,0,0,0,0,,1,
822,0,,,,,,,,,,,,,,,1,0,,,,0,0,0,0,0,0,0,0,0,0,0,0,0,0,0,0,0,0,0,0,0,0,0,0,0,0,,1,
823,0,,,,,,,,,,,,,,,1,0,,,,0,0,0,0,0,0,0,0,0,0,0,0,0,0,0,0,0,0,0,0,0,0,0,0,0,0,,1,
824,0,,,,,,,,,,,,,,,1,0,,,,0,0,0,0,0,0,0,0,0,0,0,0,0,0,0,0,0,0,0,0,0,0,0,0,0,0,,1,
825,0,,,,,,,,,,,,,,,1,0,,,,0,0,0,0,0,0,0,0,0,0,0,0,0,0,0,0,0,0,0,0,0,0,0,0,0,0,,1,
826,0,,,,,,,,,,,,,,,1,0,,,,0,0,0,0,0,0,0,0,0,0,0,0,0,0,0,0,0,0,0,0,0,0,0,0,0,0,,1,
827,0,,,,,,,,,,,,,,,1,0,,,,0,0,0,0,0,0,0,0,0,0,0,0,0,0,0,0,0,0,0,0,0,0,0,0,0,0,,1,
828,0,,,,,,,,,,,,,,,1,0,,,,0,0,0,0,0,0,0,0,0,0,0,0,0,0,0,0,0,0,0,0,0,0,0,0,0,0,,1,
829,0,,,,,,,,,,,,,,,1,0,,,,0,0,0,0,0,0,0,0,0,0,0,0,0,0,0,0,0,0,0,0,0,0,0,0,0,0,,1,
830,0,,,,,,,,,,,,,,,1,0,,,,0,0,0,0,0,0,0,0,0,0,0,0,0,0,0,0,0,0,0,0,0,0,0,0,0,0,,1,
831,0,,,,,,,,,,,,,,,1,0,,,,0,0,0,0,0,0,0,0,0,0,0,0,0,0,0,0,0,0,0,0,0,0,0,0,0,0,,1,
832,0,,,,,,,,,,,,,,,1,0,,,,0,0,0,0,0,0,0,0,0,0,0,0,0,0,0,0,0,0,0,0,0,0,0,0,0,0,,1,
833,0,,,,,,,,,,,,,,,1,0,,,,0,0,0,0,0,0,0,0,0,0,0,0,0,0,0,0,0,0,0,0,0,0,0,0,0,0,,1,
834,0,,,,,,,,,,,,,,,1,0,,,,0,0,0,0,0,0,0,0,0,0,0,0,0,0,0,0,0,0,0,0,0,0,0,0,0,0,,1,
835,0,,,,,,,,,,,,,,,1,0,,,,0,0,0,0,0,0,0,0,0,0,0,0,0,0,0,0,0,0,0,0,0,0,0,0,0,0,,1,
836,0,,,,,,,,,,,,,,,1,0,,,,0,0,0,0,0,0,0,0,0,0,0,0,0,0,0,0,0,0,0,0,0,0,0,0,0,0,,1,
837,0,,,,,,,,,,,,,,,1,0,,,,0,0,0,0,0,0,0,0,0,0,0,0,0,0,0,0,0,0,0,0,0,0,0,0,0,0,,1,
838,0,,,,,,,,,,,,,,,1,0,,,,0,0,0,0,0,0,0,0,0,0,0,0,0,0,0,0,0,0,0,0,0,0,0,0,0,0,,1,
839,0,,,,,,,,,,,,,,,1,0,,,,0,0,0,0,0,0,0,0,0,0,0,0,0,0,0,0,0,0,0,0,0,0,0,0,0,0,,1,
840,0,,,,,,,,,,,,,,,1,0,,,,0,0,0,0,0,0,0,0,0,0,0,0,0,0,0,0,0,0,0,0,0,0,0,0,0,0,,1,
841,0,,,,,,,,,,,,,,,1,0,,,,0,0,0,0,0,0,0,0,0,0,0,0,0,0,0,0,0,0,0,0,0,0,0,0,0,0,,1,
842,0,,,,,,,,,,,,,,,1,0,,,,0,0,0,0,0,0,0,0,0,0,0,0,0,0,0,0,0,0,0,0,0,0,0,0,0,0,,1,
843,0,,,,,,,,,,,,,,,1,0,,,,0,0,0,0,0,0,0,0,0,0,0,0,0,0,0,0,0,0,0,0,0,0,0,0,0,0,,1,
844,0,,,,,,,,,,,,,,,1,0,,,,0,0,0,0,0,0,0,0,0,0,0,0,0,0,0,0,0,0,0,0,0,0,0,0,0,0,,1,
845,0,,,,,,,,,,,,,,,1,0,,,,0,0,0,0,0,0,0,0,0,0,0,0,0,0,0,0,0,0,0,0,0,0,0,0,0,0,,1,
846,0,,,,,,,,,,,,,,,1,0,,,,0,0,0,0,0,0,0,0,0,0,0,0,0,0,0,0,0,0,0,0,0,0,0,0,0,0,,1,
847,0,,,,,,,,,,,,,,,1,0,,,,0,0,0,0,0,0,0,0,0,0,0,0,0,0,0,0,0,0,0,0,0,0,0,0,0,0,,1,
848,0,,,,,,,,,,,,,,,1,0,,,,0,0,0,0,0,0,0,0,0,0,0,0,0,0,0,0,0,0,0,0,0,0,0,0,0,0,,1,
849,0,,,,,,,,,,,,,,,1,0,,,,0,0,0,0,0,0,0,0,0,0,0,0,0,0,0,0,0,0,0,0,0,0,0,0,0,0,,1,
850,0,,,,,,,,,,,,,,,1,0,,,,0,0,0,0,0,0,0,0,0,0,0,0,0,0,0,0,0,0,0,0,0,0,0,0,0,0,,1,
851,0,,,,,,,,,,,,,,,1,0,,,,0,0,0,0,0,0,0,0,0,0,0,0,0,0,0,0,0,0,0,0,0,0,0,0,0,0,,1,
852,0,,,,,,,,,,,,,,,1,0,,,,0,0,0,0,0,0,0,0,0,0,0,0,0,0,0,0,0,0,0,0,0,0,0,0,0,0,,1,
853,0,,,,,,,,,,,,,,,1,0,,,,0,0,0,0,0,0,0,0,0,0,0,0,0,0,0,0,0,0,0,0,0,0,0,0,0,0,,1,
854,0,,,,,,,,,,,,,,,1,0,,,,0,0,0,0,0,0,0,0,0,0,0,0,0,0,0,0,0,0,0,0,0,0,0,0,0,0,,1,
855,0,,,,,,,,,,,,,,,1,0,,,,0,0,0,0,0,0,0,0,0,0,0,0,0,0,0,0,0,0,0,0,0,0,0,0,0,0,,1,
856,0,,,,,,,,,,,,,,,1,0,,,,0,0,0,0,0,0,0,0,0,0,0,0,0,0,0,0,0,0,0,0,0,0,0,0,0,0,,1,
857,0,,,,,,,,,,,,,,,1,0,,,,0,0,0,0,0,0,0,0,0,0,0,0,0,0,0,0,0,0,0,0,0,0,0,0,0,0,,1,
858,0,,,,,,,,,,,,,,,1,0,,,,0,0,0,0,0,0,0,0,0,0,0,0,0,0,0,0,0,0,0,0,0,0,0,0,0,0,,1,
859,0,,,,,,,,,,,,,,,1,0,,,,0,0,0,0,0,0,0,0,0,0,0,0,0,0,0,0,0,0,0,0,0,0,0,0,0,0,,1,
860,0,,,,,,,,,,,,,,,1,0,,,,0,0,0,0,0,0,0,0,0,0,0,0,0,0,0,0,0,0,0,0,0,0,0,0,0,0,,1,
861,0,,,,,,,,,,,,,,,1,0,,,,0,0,0,0,0,0,0,0,0,0,0,0,0,0,0,0,0,0,0,0,0,0,0,0,0,0,,1,
862,0,,,,,,,,,,,,,,,1,0,,,,0,0,0,0,0,0,0,0,0,0,0,0,0,0,0,0,0,0,0,0,0,0,0,0,0,0,,1,
863,0,,,,,,,,,,,,,,,1,0,,,,0,0,0,0,0,0,0,0,0,0,0,0,0,0,0,0,0,0,0,0,0,0,0,0,0,0,,1,
864,0,,,,,,,,,,,,,,,1,0,,,,0,0,0,0,0,0,0,0,0,0,0,0,0,0,0,0,0,0,0,0,0,0,0,0,0,0,,1,
865,0,,,,,,,,,,,,,,,1,0,,,,0,0,0,0,0,0,0,0,0,0,0,0,0,0,0,0,0,0,0,0,0,0,0,0,0,0,,1,
866,0,,,,,,,,,,,,,,,1,0,,,,0,0,0,0,0,0,0,0,0,0,0,0,0,0,0,0,0,0,0,0,0,0,0,0,0,0,,1,
867,0,,,,,,,,,,,,,,,1,0,,,,0,0,0,0,0,0,0,0,0,0,0,0,0,0,0,0,0,0,0,0,0,0,0,0,0,0,,1,
868,0,,,,,,,,,,,,,,,1,0,,,,0,0,0,0,0,0,0,0,0,0,0,0,0,0,0,0,0,0,0,0,0,0,0,0,0,0,,1,
869,0,,,,,,,,,,,,,,,1,0,,,,0,0,0,0,0,0,0,0,0,0,0,0,0,0,0,0,0,0,0,0,0,0,0,0,0,0,,1,
870,0,,,,,,,,,,,,,,,1,0,,,,0,0,0,0,0,0,0,0,0,0,0,0,0,0,0,0,0,0,0,0,0,0,0,0,0,0,,1,
871,0,,,,,,,,,,,,,,,1,0,,,,0,0,0,0,0,0,0,0,0,0,0,0,0,0,0,0,0,0,0,0,0,0,0,0,0,0,,1,
872,0,,,,,,,,,,,,,,,1,0,,,,0,0,0,0,0,0,0,0,0,0,0,0,0,0,0,0,0,0,0,0,0,0,0,0,0,0,,1,
873,0,,,,,,,,,,,,,,,1,0,,,,0,0,0,0,0,0,0,0,0,0,0,0,0,0,0,0,0,0,0,0,0,0,0,0,0,0,,1,
874,0,,,,,,,,,,,,,,,1,0,,,,0,0,0,0,0,0,0,0,0,0,0,0,0,0,0,0,0,0,0,0,0,0,0,0,0,0,,1,
875,0,,,,,,,,,,,,,,,1,0,,,,0,0,0,0,0,0,0,0,0,0,0,0,0,0,0,0,0,0,0,0,0,0,0,0,0,0,,1,
876,0,,,,,,,,,,,,,,,1,0,,,,0,0,0,0,0,0,0,0,0,0,0,0,0,0,0,0,0,0,0,0,0,0,0,0,0,0,,1,
877,0,,,,,,,,,,,,,,,1,0,,,,0,0,0,0,0,0,0,0,0,0,0,0,0,0,0,0,0,0,0,0,0,0,0,0,0,0,,1,
878,0,,,,,,,,,,,,,,,1,0,,,,0,0,0,0,0,0,0,0,0,0,0,0,0,0,0,0,0,0,0,0,0,0,0,0,0,0,,1,
879,0,,,,,,,,,,,,,,,1,0,,,,0,0,0,0,0,0,0,0,0,0,0,0,0,0,0,0,0,0,0,0,0,0,0,0,0,0,,1,
880,0,,,,,,,,,,,,,,,1,0,,,,0,0,0,0,0,0,0,0,0,0,0,0,0,0,0,0,0,0,0,0,0,0,0,0,0,0,,1,
881,0,,,,,,,,,,,,,,,1,0,,,,0,0,0,0,0,0,0,0,0,0,0,0,0,0,0,0,0,0,0,0,0,0,0,0,0,0,,1,
882,0,,,,,,,,,,,,,,,1,0,,,,0,0,0,0,0,0,0,0,0,0,0,0,0,0,0,0,0,0,0,0,0,0,0,0,0,0,,1,
883,0,,,,,,,,,,,,,,,1,0,,,,0,0,0,0,0,0,0,0,0,0,0,0,0,0,0,0,0,0,0,0,0,0,0,0,0,0,,1,
884,0,,,,,,,,,,,,,,,1,0,,,,0,0,0,0,0,0,0,0,0,0,0,0,0,0,0,0,0,0,0,0,0,0,0,0,0,0,,1,
885,0,,,,,,,,,,,,,,,1,0,,,,0,0,0,0,0,0,0,0,0,0,0,0,0,0,0,0,0,0,0,0,0,0,0,0,0,0,,1,
886,0,,,,,,,,,,,,,,,1,0,,,,0,0,0,0,0,0,0,0,0,0,0,0,0,0,0,0,0,0,0,0,0,0,0,0,0,0,,1,
887,0,,,,,,,,,,,,,,,1,0,,,,0,0,0,0,0,0,0,0,0,0,0,0,0,0,0,0,0,0,0,0,0,0,0,0,0,0,,1,
888,0,,,,,,,,,,,,,,,1,0,,,,0,0,0,0,0,0,0,0,0,0,0,0,0,0,0,0,0,0,0,0,0,0,0,0,0,0,,1,
889,0,,,,,,,,,,,,,,,1,0,,,,0,0,0,0,0,0,0,0,0,0,0,0,0,0,0,0,0,0,0,0,0,0,0,0,0,0,,1,
890,0,,,,,,,,,,,,,,,1,0,,,,0,0,0,0,0,0,0,0,0,0,0,0,0,0,0,0,0,0,0,0,0,0,0,0,0,0,,1,
891,0,,,,,,,,,,,,,,,1,0,,,,0,0,0,0,0,0,0,0,0,0,0,0,0,0,0,0,0,0,0,0,0,0,0,0,0,0,,1,
892,0,,,,,,,,,,,,,,,1,0,,,,0,0,0,0,0,0,0,0,0,0,0,0,0,0,0,0,0,0,0,0,0,0,0,0,0,0,,1,
893,0,,,,,,,,,,,,,,,1,0,,,,0,0,0,0,0,0,0,0,0,0,0,0,0,0,0,0,0,0,0,0,0,0,0,0,0,0,,1,
894,0,,,,,,,,,,,,,,,1,0,,,,0,0,0,0,0,0,0,0,0,0,0,0,0,0,0,0,0,0,0,0,0,0,0,0,0,0,,1,
895,0,,,,,,,,,,,,,,,1,0,,,,0,0,0,0,0,0,0,0,0,0,0,0,0,0,0,0,0,0,0,0,0,0,0,0,0,0,,1,
896,0,,,,,,,,,,,,,,,1,0,,,,0,0,0,0,0,0,0,0,0,0,0,0,0,0,0,0,0,0,0,0,0,0,0,0,0,0,,1,
897,0,,,,,,,,,,,,,,,1,0,,,,0,0,0,0,0,0,0,0,0,0,0,0,0,0,0,0,0,0,0,0,0,0,0,0,0,0,,1,
898,0,,,,,,,,,,,,,,,1,0,,,,0,0,0,0,0,0,0,0,0,0,0,0,0,0,0,0,0,0,0,0,0,0,0,0,0,0,,1,
899,0,,,,,,,,,,,,,,,1,0,,,,0,0,0,0,0,0,0,0,0,0,0,0,0,0,0,0,0,0,0,0,0,0,0,0,0,0,,1,
900,0,,,,,,,,,,,,,,,1,0,,,,0,0,0,0,0,0,0,0,0,0,0,0,0,0,0,0,0,0,0,0,0,0,0,0,0,0,,1,
